#ifndef __ECG_DENOISE_FLATBUFFER_H
#define __ECG_DENOISE_FLATBUFFER_H
const unsigned char ecg_denoise_flatbuffer[] = {
  0x1c, 0x00, 0x00, 0x00, 0x54, 0x46, 0x4c, 0x33, 0x14, 0x00, 0x20, 0x00, 0x1c, 0x00, 0x18, 0x00, 0x14, 0x00, 0x10, 0x00,
  0x0c, 0x00, 0x00, 0x00, 0x08, 0x00, 0x04, 0x00, 0x14, 0x00, 0x00, 0x00, 0x1c, 0x00, 0x00, 0x00, 0x1c, 0x00, 0x00, 0x00,
  0x9c, 0x00, 0x00, 0x00, 0xac, 0x1a, 0x00, 0x00, 0xbc, 0x1a, 0x00, 0x00, 0x64, 0x61, 0x00, 0x00, 0x03, 0x00, 0x00, 0x00,
  0x00, 0x00, 0x00, 0x00, 0x03, 0x00, 0x00, 0x00, 0x5c, 0x00, 0x00, 0x00, 0x2c, 0x00, 0x00, 0x00, 0x04, 0x00, 0x00, 0x00,
  0xb8, 0xff, 0xff, 0xff, 0x45, 0x00, 0x00, 0x00, 0x04, 0x00, 0x00, 0x00, 0x13, 0x00, 0x00, 0x00, 0x43, 0x4f, 0x4e, 0x56,
  0x45, 0x52, 0x53, 0x49, 0x4f, 0x4e, 0x5f, 0x4d, 0x45, 0x54, 0x41, 0x44, 0x41, 0x54, 0x41, 0x00, 0xdc, 0xff, 0xff, 0xff,
  0x44, 0x00, 0x00, 0x00, 0x04, 0x00, 0x00, 0x00, 0x13, 0x00, 0x00, 0x00, 0x6d, 0x69, 0x6e, 0x5f, 0x72, 0x75, 0x6e, 0x74,
  0x69, 0x6d, 0x65, 0x5f, 0x76, 0x65, 0x72, 0x73, 0x69, 0x6f, 0x6e, 0x00, 0x08, 0x00, 0x0c, 0x00, 0x08, 0x00, 0x04, 0x00,
  0x08, 0x00, 0x00, 0x00, 0x43, 0x00, 0x00, 0x00, 0x04, 0x00, 0x00, 0x00, 0x13, 0x00, 0x00, 0x00, 0x6d, 0x69, 0x6e, 0x5f,
  0x72, 0x75, 0x6e, 0x74, 0x69, 0x6d, 0x65, 0x5f, 0x76, 0x65, 0x72, 0x73, 0x69, 0x6f, 0x6e, 0x00, 0x46, 0x00, 0x00, 0x00,
  0x0c, 0x1a, 0x00, 0x00, 0x04, 0x1a, 0x00, 0x00, 0xe4, 0x19, 0x00, 0x00, 0xc4, 0x19, 0x00, 0x00, 0xac, 0x19, 0x00, 0x00,
  0x98, 0x19, 0x00, 0x00, 0x38, 0x18, 0x00, 0x00, 0x68, 0x17, 0x00, 0x00, 0x58, 0x11, 0x00, 0x00, 0xc8, 0x10, 0x00, 0x00,
  0xb8, 0x0f, 0x00, 0x00, 0x88, 0x0f, 0x00, 0x00, 0x78, 0x0e, 0x00, 0x00, 0xe8, 0x0d, 0x00, 0x00, 0xf8, 0x0c, 0x00, 0x00,
  0x68, 0x0c, 0x00, 0x00, 0x58, 0x09, 0x00, 0x00, 0xe8, 0x08, 0x00, 0x00, 0x48, 0x08, 0x00, 0x00, 0x20, 0x08, 0x00, 0x00,
  0x80, 0x07, 0x00, 0x00, 0x10, 0x07, 0x00, 0x00, 0x58, 0x06, 0x00, 0x00, 0xe8, 0x05, 0x00, 0x00, 0x58, 0x04, 0x00, 0x00,
  0x44, 0x04, 0x00, 0x00, 0xf4, 0x03, 0x00, 0x00, 0xa4, 0x03, 0x00, 0x00, 0x84, 0x03, 0x00, 0x00, 0x34, 0x03, 0x00, 0x00,
  0xe4, 0x02, 0x00, 0x00, 0x64, 0x02, 0x00, 0x00, 0x14, 0x02, 0x00, 0x00, 0xf4, 0x01, 0x00, 0x00, 0xe0, 0x01, 0x00, 0x00,
  0xc8, 0x01, 0x00, 0x00, 0xb4, 0x01, 0x00, 0x00, 0x9c, 0x01, 0x00, 0x00, 0x94, 0x01, 0x00, 0x00, 0x8c, 0x01, 0x00, 0x00,
  0x84, 0x01, 0x00, 0x00, 0x7c, 0x01, 0x00, 0x00, 0x74, 0x01, 0x00, 0x00, 0x6c, 0x01, 0x00, 0x00, 0x64, 0x01, 0x00, 0x00,
  0x5c, 0x01, 0x00, 0x00, 0x54, 0x01, 0x00, 0x00, 0x4c, 0x01, 0x00, 0x00, 0x44, 0x01, 0x00, 0x00, 0x3c, 0x01, 0x00, 0x00,
  0x34, 0x01, 0x00, 0x00, 0x2c, 0x01, 0x00, 0x00, 0x24, 0x01, 0x00, 0x00, 0x1c, 0x01, 0x00, 0x00, 0x14, 0x01, 0x00, 0x00,
  0x0c, 0x01, 0x00, 0x00, 0x04, 0x01, 0x00, 0x00, 0xfc, 0x00, 0x00, 0x00, 0xf4, 0x00, 0x00, 0x00, 0xec, 0x00, 0x00, 0x00,
  0xe4, 0x00, 0x00, 0x00, 0xdc, 0x00, 0x00, 0x00, 0xd4, 0x00, 0x00, 0x00, 0xcc, 0x00, 0x00, 0x00, 0xc4, 0x00, 0x00, 0x00,
  0xbc, 0x00, 0x00, 0x00, 0xb4, 0x00, 0x00, 0x00, 0x94, 0x00, 0x00, 0x00, 0x74, 0x00, 0x00, 0x00, 0x04, 0x00, 0x00, 0x00,
  0x32, 0xe7, 0xff, 0xff, 0x04, 0x00, 0x00, 0x00, 0x60, 0x00, 0x00, 0x00, 0x0c, 0x00, 0x00, 0x00, 0x08, 0x00, 0x0e, 0x00,
  0x08, 0x00, 0x04, 0x00, 0x08, 0x00, 0x00, 0x00, 0x10, 0x00, 0x00, 0x00, 0x28, 0x00, 0x00, 0x00, 0x00, 0x00, 0x06, 0x00,
  0x08, 0x00, 0x04, 0x00, 0x06, 0x00, 0x00, 0x00, 0x04, 0x00, 0x00, 0x00, 0x01, 0x00, 0x00, 0x00, 0xeb, 0x03, 0x00, 0x00,
  0x0c, 0x00, 0x18, 0x00, 0x14, 0x00, 0x10, 0x00, 0x0c, 0x00, 0x04, 0x00, 0x0c, 0x00, 0x00, 0x00, 0x81, 0x03, 0xf9, 0xeb,
  0xe1, 0x0f, 0xa6, 0x78, 0x03, 0x00, 0x00, 0x00, 0x02, 0x00, 0x00, 0x00, 0x04, 0x00, 0x00, 0x00, 0x06, 0x00, 0x00, 0x00,
  0x32, 0x2e, 0x31, 0x37, 0x2e, 0x30, 0x00, 0x00, 0x9e, 0xe7, 0xff, 0xff, 0x04, 0x00, 0x00, 0x00, 0x10, 0x00, 0x00, 0x00,
  0x00, 0x00, 0x00, 0x00, 0x00, 0x00, 0x00, 0x00, 0x00, 0x00, 0x00, 0x00, 0x00, 0x00, 0x00, 0x00, 0xba, 0xe7, 0xff, 0xff,
  0x04, 0x00, 0x00, 0x00, 0x10, 0x00, 0x00, 0x00, 0x31, 0x2e, 0x31, 0x34, 0x2e, 0x30, 0x00, 0x00, 0x00, 0x00, 0x00, 0x00,
  0x00, 0x00, 0x00, 0x00, 0x10, 0xa1, 0xff, 0xff, 0x14, 0xa1, 0xff, 0xff, 0x18, 0xa1, 0xff, 0xff, 0x1c, 0xa1, 0xff, 0xff,
  0x20, 0xa1, 0xff, 0xff, 0x24, 0xa1, 0xff, 0xff, 0x28, 0xa1, 0xff, 0xff, 0x2c, 0xa1, 0xff, 0xff, 0x30, 0xa1, 0xff, 0xff,
  0x34, 0xa1, 0xff, 0xff, 0x38, 0xa1, 0xff, 0xff, 0x3c, 0xa1, 0xff, 0xff, 0x40, 0xa1, 0xff, 0xff, 0x44, 0xa1, 0xff, 0xff,
  0x48, 0xa1, 0xff, 0xff, 0x4c, 0xa1, 0xff, 0xff, 0x50, 0xa1, 0xff, 0xff, 0x54, 0xa1, 0xff, 0xff, 0x58, 0xa1, 0xff, 0xff,
  0x5c, 0xa1, 0xff, 0xff, 0x60, 0xa1, 0xff, 0xff, 0x64, 0xa1, 0xff, 0xff, 0x68, 0xa1, 0xff, 0xff, 0x6c, 0xa1, 0xff, 0xff,
  0x70, 0xa1, 0xff, 0xff, 0x74, 0xa1, 0xff, 0xff, 0x78, 0xa1, 0xff, 0xff, 0x7c, 0xa1, 0xff, 0xff, 0x80, 0xa1, 0xff, 0xff,
  0x4a, 0xe8, 0xff, 0xff, 0x04, 0x00, 0x00, 0x00, 0x07, 0x00, 0x00, 0x00, 0xdc, 0xfc, 0x2d, 0x81, 0xd3, 0x0a, 0x66, 0x00,
  0x5e, 0xe8, 0xff, 0xff, 0x04, 0x00, 0x00, 0x00, 0x04, 0x00, 0x00, 0x00, 0xf0, 0xfd, 0xff, 0xff, 0x6e, 0xe8, 0xff, 0xff,
  0x04, 0x00, 0x00, 0x00, 0x07, 0x00, 0x00, 0x00, 0x1b, 0x03, 0xbe, 0x81, 0x0b, 0x08, 0xec, 0x00, 0x82, 0xe8, 0xff, 0xff,
  0x04, 0x00, 0x00, 0x00, 0x04, 0x00, 0x00, 0x00, 0x84, 0x3e, 0x00, 0x00, 0x92, 0xe8, 0xff, 0xff, 0x04, 0x00, 0x00, 0x00,
  0x10, 0x00, 0x00, 0x00, 0x7f, 0x81, 0x81, 0x7f, 0x7f, 0x81, 0x81, 0x7f, 0x7f, 0x81, 0x7f, 0x81, 0x81, 0x7f, 0x7f, 0x7f,
  0xae, 0xe8, 0xff, 0xff, 0x04, 0x00, 0x00, 0x00, 0x40, 0x00, 0x00, 0x00, 0x1f, 0xcf, 0xff, 0xff, 0xdc, 0x30, 0x00, 0x00,
  0xb2, 0x32, 0x00, 0x00, 0x8c, 0xd0, 0xff, 0xff, 0xd0, 0xcd, 0xff, 0xff, 0x34, 0x31, 0x00, 0x00, 0xd5, 0x37, 0x00, 0x00,
  0x33, 0xce, 0xff, 0xff, 0x46, 0xd1, 0xff, 0xff, 0xd1, 0x34, 0x00, 0x00, 0xba, 0xd1, 0xff, 0xff, 0x04, 0x33, 0x00, 0x00,
  0x06, 0x31, 0x00, 0x00, 0x88, 0xcd, 0xff, 0xff, 0x79, 0xd1, 0xff, 0xff, 0x1e, 0xcf, 0xff, 0xff, 0xfa, 0xe8, 0xff, 0xff,
  0x04, 0x00, 0x00, 0x00, 0x70, 0x00, 0x00, 0x00, 0x7f, 0x95, 0x7f, 0x49, 0x09, 0x81, 0xf5, 0x64, 0x25, 0xea, 0xb5, 0x14,
  0xc5, 0xcb, 0x2b, 0xef, 0x24, 0x2e, 0x4b, 0x69, 0x22, 0xf6, 0x0f, 0xa6, 0x72, 0x11, 0x28, 0xbc, 0xc5, 0x25, 0x0b, 0xfd,
  0x33, 0xe3, 0xcd, 0xf4, 0xcd, 0x34, 0x18, 0x2b, 0x7f, 0x7f, 0xdb, 0x81, 0xb1, 0x1a, 0xe5, 0xc5, 0x11, 0x4a, 0xcb, 0xeb,
  0x7f, 0x17, 0xf3, 0x7f, 0xbf, 0x7d, 0x7f, 0xe5, 0x81, 0xdb, 0x7f, 0xf8, 0xef, 0x81, 0x05, 0x7f, 0x0d, 0x22, 0x24, 0x19,
  0xe8, 0x31, 0x1d, 0x38, 0xa2, 0x01, 0x02, 0xfa, 0x9a, 0x93, 0x94, 0xd7, 0xf7, 0x49, 0x7f, 0x5e, 0x09, 0xd2, 0x54, 0x5a,
  0xbe, 0x81, 0xab, 0xd0, 0xcd, 0xbb, 0xe4, 0xb3, 0x6f, 0x08, 0x24, 0x4d, 0xf4, 0x0c, 0xdf, 0x2e, 0xd7, 0xf2, 0xed, 0x81,
  0x76, 0xe9, 0xff, 0xff, 0x04, 0x00, 0x00, 0x00, 0x40, 0x00, 0x00, 0x00, 0x88, 0xfd, 0xff, 0xff, 0x5c, 0x0e, 0x00, 0x00,
  0xa7, 0x01, 0x00, 0x00, 0x66, 0xfa, 0xff, 0xff, 0x50, 0xff, 0xff, 0xff, 0x34, 0xff, 0xff, 0xff, 0x82, 0xf4, 0xff, 0xff,
  0xea, 0xfc, 0xff, 0xff, 0xa7, 0xfd, 0xff, 0xff, 0xc0, 0xfd, 0xff, 0xff, 0x8b, 0xff, 0xff, 0xff, 0x6d, 0x00, 0x00, 0x00,
  0x89, 0x19, 0x00, 0x00, 0xf3, 0x04, 0x00, 0x00, 0xe6, 0xfe, 0xff, 0xff, 0x12, 0x0b, 0x00, 0x00, 0xc2, 0xe9, 0xff, 0xff,
  0x04, 0x00, 0x00, 0x00, 0x40, 0x00, 0x00, 0x00, 0xee, 0x43, 0x13, 0x49, 0x0a, 0x49, 0xeb, 0xdf, 0x54, 0xdd, 0x10, 0x19,
  0x7f, 0xfe, 0xc4, 0x0d, 0xe7, 0x8c, 0x16, 0x13, 0x2b, 0xe2, 0xcc, 0x6c, 0x29, 0x5d, 0xaf, 0xc9, 0xac, 0x61, 0x6f, 0x7f,
  0xd8, 0x41, 0x38, 0x40, 0x28, 0xf2, 0x81, 0x25, 0xc2, 0xcc, 0x31, 0xda, 0xda, 0xe5, 0x19, 0x51, 0x6e, 0x58, 0x89, 0x1a,
  0xea, 0xd4, 0xe7, 0xb2, 0x46, 0x4d, 0x46, 0x30, 0xe8, 0x7f, 0x06, 0x48, 0x0e, 0xea, 0xff, 0xff, 0x04, 0x00, 0x00, 0x00,
  0x10, 0x00, 0x00, 0x00, 0xb4, 0x14, 0x00, 0x00, 0xe5, 0x26, 0x00, 0x00, 0x92, 0x06, 0x00, 0x00, 0xf4, 0x19, 0x00, 0x00,
  0x2a, 0xea, 0xff, 0xff, 0x04, 0x00, 0x00, 0x00, 0x40, 0x00, 0x00, 0x00, 0xde, 0xbf, 0xca, 0x81, 0x72, 0x4c, 0x7f, 0x96,
  0x1a, 0x7f, 0xbc, 0x2b, 0xbf, 0x7f, 0x0f, 0x71, 0x81, 0x8f, 0x45, 0xb8, 0x4c, 0x81, 0x96, 0xbe, 0xab, 0x81, 0x38, 0xf3,
  0xe2, 0x28, 0x7f, 0xf3, 0x81, 0xb4, 0xb2, 0xad, 0x7f, 0xd0, 0x89, 0x01, 0x11, 0x7f, 0xa8, 0xe2, 0x19, 0x7f, 0x3f, 0x7e,
  0xca, 0x14, 0x81, 0xcd, 0x7f, 0xe5, 0xc5, 0xd6, 0xe5, 0x81, 0x06, 0xf7, 0x7f, 0x86, 0xda, 0xcd, 0x76, 0xea, 0xff, 0xff,
  0x04, 0x00, 0x00, 0x00, 0x40, 0x00, 0x00, 0x00, 0xed, 0xd8, 0x01, 0x00, 0x16, 0x29, 0x01, 0x00, 0x75, 0x7f, 0x01, 0x00,
  0x4e, 0x37, 0x02, 0x00, 0x96, 0x14, 0x02, 0x00, 0x5b, 0xbf, 0x00, 0x00, 0x55, 0xb9, 0x03, 0x00, 0x07, 0x20, 0x01, 0x00,
  0xd9, 0xb3, 0x02, 0x00, 0x93, 0xd4, 0x00, 0x00, 0xe9, 0x0f, 0x01, 0x00, 0x9a, 0x06, 0x02, 0x00, 0x00, 0xc4, 0x00, 0x00,
  0x3d, 0x38, 0x01, 0x00, 0x02, 0xc1, 0x01, 0x00, 0x17, 0x87, 0x00, 0x00, 0xc2, 0xea, 0xff, 0xff, 0x04, 0x00, 0x00, 0x00,
  0x01, 0x00, 0x00, 0x00, 0x7f, 0x00, 0x00, 0x00, 0xd2, 0xea, 0xff, 0xff, 0x04, 0x00, 0x00, 0x00, 0x80, 0x01, 0x00, 0x00,
  0x13, 0xc7, 0xbd, 0xbd, 0x7f, 0xe5, 0x17, 0x3d, 0x1e, 0x0d, 0x34, 0xc5, 0xc5, 0x08, 0x43, 0x5d, 0x11, 0x29, 0x35, 0xc9,
  0x7f, 0x31, 0x02, 0x40, 0xea, 0xfa, 0x08, 0xc6, 0x23, 0xfd, 0x2c, 0xd6, 0x7f, 0x04, 0xa4, 0xc4, 0xaa, 0xf2, 0x09, 0x24,
  0x1f, 0xa7, 0xff, 0xfd, 0x1e, 0xfe, 0xd5, 0x00, 0x0d, 0x08, 0xbd, 0x28, 0xfb, 0x1a, 0x20, 0x18, 0x7f, 0xf3, 0x18, 0xd3,
  0xd8, 0xec, 0x4f, 0xfd, 0x02, 0x28, 0x13, 0x82, 0x8d, 0x06, 0x03, 0xbf, 0x61, 0x2e, 0xe7, 0x7f, 0x32, 0xa9, 0xef, 0xd1,
  0x7f, 0x09, 0x07, 0x2e, 0x5d, 0x0f, 0xf0, 0xe0, 0xed, 0x3a, 0x28, 0xe4, 0x00, 0xf8, 0xf1, 0x09, 0xf9, 0x7f, 0x12, 0x20,
  0xb4, 0x0c, 0x24, 0x3b, 0xa5, 0x2c, 0xbd, 0xd1, 0xe9, 0x04, 0xe3, 0xdb, 0x2e, 0xef, 0xe6, 0xc7, 0x33, 0x0f, 0xb5, 0xc6,
  0xf0, 0xfc, 0x7f, 0x1f, 0x06, 0x01, 0x31, 0xe3, 0xc9, 0x43, 0x16, 0xf5, 0x37, 0x19, 0xd4, 0x73, 0x7f, 0x13, 0x3b, 0xd6,
  0xf0, 0xef, 0xaf, 0xe3, 0x5d, 0xd5, 0xc6, 0x99, 0xc6, 0x1f, 0x17, 0x7f, 0x7a, 0xde, 0x01, 0xa2, 0xbf, 0x2e, 0xef, 0x04,
  0x91, 0xc3, 0x1f, 0xee, 0x63, 0xd7, 0x0a, 0x55, 0xe4, 0xb6, 0x7f, 0x23, 0x23, 0xfd, 0x61, 0xf6, 0xa7, 0x21, 0x13, 0x7f,
  0xdc, 0x0f, 0x03, 0xb6, 0x54, 0x05, 0x2a, 0xe8, 0xf7, 0x03, 0x18, 0xcd, 0x08, 0xd1, 0x0e, 0x39, 0x23, 0x4e, 0x0a, 0x91,
  0x1f, 0x7f, 0x37, 0xeb, 0x04, 0x33, 0xe6, 0x37, 0x0f, 0xd4, 0x24, 0xe6, 0x18, 0xcb, 0x30, 0xdc, 0xf3, 0x19, 0x7f, 0x03,
  0xc7, 0xfe, 0x16, 0xfb, 0xc1, 0xc3, 0xa1, 0x0b, 0x9f, 0xc7, 0x16, 0xe6, 0x7f, 0x9c, 0x30, 0x1c, 0x1a, 0x0c, 0xf6, 0xf1,
  0xda, 0x35, 0xf7, 0xd8, 0x62, 0xe5, 0x64, 0xa1, 0xed, 0xfb, 0xb8, 0xb7, 0x81, 0xd6, 0x2b, 0x1f, 0xbe, 0xe6, 0x08, 0x7f,
  0xe5, 0x2b, 0xe0, 0x0e, 0xd6, 0x08, 0x22, 0x0d, 0xd4, 0x00, 0x57, 0xd5, 0xe8, 0xe0, 0x31, 0xfa, 0xa7, 0x81, 0x0e, 0xbd,
  0x8c, 0xa8, 0xcf, 0xf5, 0xe4, 0xe8, 0xc0, 0xc6, 0xad, 0x2e, 0x18, 0x7f, 0xf6, 0x01, 0x21, 0x2c, 0xa9, 0xbf, 0x4c, 0xef,
  0xda, 0x0c, 0x6c, 0x02, 0xbf, 0x6f, 0x81, 0x31, 0x81, 0xbc, 0x10, 0x77, 0xd5, 0x01, 0x25, 0xef, 0x2e, 0xe9, 0xee, 0x87,
  0xde, 0xf2, 0x16, 0xbd, 0xf7, 0xe6, 0xb2, 0x1f, 0x7f, 0xd0, 0xd8, 0x72, 0x15, 0x21, 0xee, 0xfc, 0x7c, 0x17, 0x5a, 0x0e,
  0xeb, 0xeb, 0x14, 0x2b, 0x02, 0x95, 0xdc, 0xe1, 0x64, 0xf2, 0xff, 0x81, 0xc9, 0xd5, 0xc1, 0xb4, 0x7f, 0x56, 0x33, 0x04,
  0x2f, 0x0b, 0x0d, 0x24, 0xcc, 0xd9, 0x17, 0x32, 0x95, 0x99, 0x3c, 0xd0, 0x1c, 0x0c, 0xb7, 0x9b, 0x7f, 0x3e, 0x2e, 0x4c,
  0x0a, 0xe6, 0xd4, 0xfc, 0x5e, 0xec, 0xff, 0xff, 0x04, 0x00, 0x00, 0x00, 0x60, 0x00, 0x00, 0x00, 0xbb, 0xfc, 0xff, 0xff,
  0x94, 0xfb, 0xff, 0xff, 0x81, 0x0b, 0x00, 0x00, 0xac, 0xff, 0xff, 0xff, 0xb8, 0x03, 0x00, 0x00, 0xbc, 0xf5, 0xff, 0xff,
  0x04, 0x07, 0x00, 0x00, 0xf8, 0x03, 0x00, 0x00, 0x2f, 0xf9, 0xff, 0xff, 0x16, 0x04, 0x00, 0x00, 0x33, 0x02, 0x00, 0x00,
  0x94, 0x02, 0x00, 0x00, 0xff, 0xf2, 0xff, 0xff, 0xf5, 0x01, 0x00, 0x00, 0xe8, 0x10, 0x00, 0x00, 0x6f, 0x07, 0x00, 0x00,
  0xca, 0x03, 0x00, 0x00, 0xb4, 0x20, 0x00, 0x00, 0x76, 0x01, 0x00, 0x00, 0x91, 0x13, 0x00, 0x00, 0xe6, 0x09, 0x00, 0x00,
  0xc5, 0x0e, 0x00, 0x00, 0x52, 0x0a, 0x00, 0x00, 0x90, 0x04, 0x00, 0x00, 0xca, 0xec, 0xff, 0xff, 0x04, 0x00, 0x00, 0x00,
  0xa8, 0x00, 0x00, 0x00, 0xc0, 0xc8, 0x7f, 0x43, 0x04, 0xdb, 0xeb, 0xc8, 0x20, 0x7c, 0x29, 0xfb, 0x49, 0x0b, 0x22, 0xb8,
  0xb4, 0x81, 0x10, 0x52, 0x01, 0xdc, 0x1c, 0x61, 0x8d, 0x9f, 0x3a, 0x65, 0x45, 0x26, 0xc8, 0x69, 0x7f, 0xc3, 0x29, 0xfa,
  0xe6, 0xf8, 0x27, 0xd2, 0x08, 0xc8, 0xf2, 0x7f, 0xf6, 0xc6, 0x7f, 0x28, 0x7f, 0xc4, 0x3c, 0xa7, 0xa0, 0x6f, 0xac, 0x7f,
  0xe6, 0x45, 0x58, 0x20, 0x39, 0x1a, 0x0f, 0xe7, 0xee, 0x19, 0xec, 0xea, 0xe1, 0x00, 0xe9, 0x07, 0xc3, 0x7f, 0x10, 0x18,
  0x81, 0x7f, 0x81, 0x9b, 0xd6, 0xe2, 0x35, 0x7f, 0x3c, 0xcd, 0xc7, 0xd7, 0x64, 0xd3, 0x7f, 0xc0, 0x88, 0xaa, 0x0a, 0x19,
  0x01, 0x23, 0xa0, 0x05, 0xa9, 0x54, 0xf4, 0x31, 0xa8, 0x7f, 0x7f, 0xd4, 0xe1, 0xe7, 0x81, 0xd5, 0x42, 0x9d, 0xfb, 0xda,
  0x09, 0x04, 0xeb, 0x60, 0xba, 0xe4, 0xad, 0x7f, 0xe5, 0x19, 0xe6, 0xda, 0xf0, 0xfb, 0xe5, 0x02, 0xc1, 0x7f, 0x87, 0xdb,
  0x7c, 0x27, 0xcb, 0x1c, 0x7f, 0x3d, 0xe8, 0x91, 0xf5, 0xbe, 0x09, 0x82, 0xaf, 0xa7, 0xa9, 0xcd, 0x55, 0x3a, 0x18, 0x91,
  0x7f, 0x16, 0xfc, 0x81, 0x7f, 0xfc, 0x96, 0x04, 0x5a, 0x7f, 0xe8, 0x81, 0x7e, 0xed, 0xff, 0xff, 0x04, 0x00, 0x00, 0x00,
  0x60, 0x00, 0x00, 0x00, 0x82, 0x07, 0x00, 0x00, 0x98, 0x07, 0x00, 0x00, 0x0d, 0xfd, 0xff, 0xff, 0xbe, 0xfa, 0xff, 0xff,
  0xb7, 0x0d, 0x00, 0x00, 0x8d, 0xf6, 0xff, 0xff, 0x58, 0x20, 0x00, 0x00, 0x9c, 0xff, 0xff, 0xff, 0xfa, 0xfd, 0xff, 0xff,
  0x19, 0xfb, 0xff, 0xff, 0xec, 0xf8, 0xff, 0xff, 0x57, 0x00, 0x00, 0x00, 0x6c, 0xfe, 0xff, 0xff, 0xc4, 0xfa, 0xff, 0xff,
  0x9b, 0x0c, 0x00, 0x00, 0xb0, 0x1a, 0x00, 0x00, 0x26, 0xfc, 0xff, 0xff, 0x13, 0x14, 0x00, 0x00, 0x44, 0x02, 0x00, 0x00,
  0x4c, 0xfa, 0xff, 0xff, 0x12, 0xff, 0xff, 0xff, 0x7c, 0x00, 0x00, 0x00, 0xd4, 0xfc, 0xff, 0xff, 0x07, 0x00, 0x00, 0x00,
  0xea, 0xed, 0xff, 0xff, 0x04, 0x00, 0x00, 0x00, 0x90, 0x00, 0x00, 0x00, 0x1f, 0xd1, 0xe6, 0x98, 0x01, 0x9e, 0xd7, 0xc8,
  0xe3, 0x81, 0xf6, 0xba, 0x4b, 0xe7, 0xf3, 0x35, 0xd0, 0x64, 0xda, 0xea, 0x61, 0x0b, 0x0a, 0x71, 0xab, 0x83, 0xa2, 0x66,
  0xa0, 0x41, 0xf4, 0x85, 0x95, 0x45, 0x6b, 0x5c, 0x98, 0xde, 0x82, 0x94, 0x7f, 0xd5, 0xbb, 0xdd, 0xf4, 0xfe, 0xca, 0x82,
  0x38, 0x98, 0xab, 0x12, 0xd9, 0x26, 0x9b, 0x0f, 0xd9, 0x27, 0x32, 0x49, 0x05, 0xa9, 0x55, 0xe6, 0xc6, 0x43, 0x81, 0x2b,
  0x0b, 0xaa, 0xdf, 0x0c, 0xc5, 0xf8, 0xf1, 0xa4, 0x2a, 0xa9, 0x52, 0xd8, 0xe5, 0xd4, 0x44, 0xfe, 0x71, 0x08, 0x12, 0x38,
  0xa2, 0x7f, 0xff, 0xe0, 0xe2, 0x24, 0x9b, 0xf1, 0x15, 0x3f, 0xe2, 0x0e, 0x45, 0xa7, 0xea, 0x2f, 0x57, 0x69, 0x5a, 0x2f,
  0x0c, 0xc4, 0xc9, 0x69, 0xee, 0x81, 0x63, 0x53, 0x0f, 0x3f, 0x74, 0x32, 0x48, 0x77, 0x54, 0xfe, 0xc8, 0x40, 0xde, 0xfc,
  0x02, 0x42, 0xf6, 0x48, 0x9d, 0xd5, 0x4b, 0x3e, 0x7f, 0xdb, 0x25, 0xc6, 0x3f, 0x42, 0x16, 0x7c, 0x86, 0xee, 0xff, 0xff,
  0x04, 0x00, 0x00, 0x00, 0x18, 0x00, 0x00, 0x00, 0x34, 0x17, 0x00, 0x00, 0x00, 0x00, 0x00, 0x00, 0xfd, 0xfa, 0xff, 0xff,
  0x84, 0xff, 0xff, 0xff, 0x7e, 0x05, 0x00, 0x00, 0x15, 0x06, 0x00, 0x00, 0xaa, 0xee, 0xff, 0xff, 0x04, 0x00, 0x00, 0x00,
  0x90, 0x00, 0x00, 0x00, 0xaa, 0x46, 0xb1, 0x96, 0x1a, 0x7f, 0x7f, 0xeb, 0xe3, 0x48, 0x10, 0x1f, 0x26, 0xcc, 0xf1, 0x81,
  0xcb, 0x2b, 0x5c, 0x52, 0xcd, 0x23, 0xcd, 0x7f, 0x7f, 0x0c, 0x1b, 0x62, 0xd4, 0xe0, 0x7f, 0xaa, 0x20, 0x29, 0xd9, 0x28,
  0x81, 0xfc, 0x1b, 0xf6, 0xf0, 0xe4, 0x9e, 0x34, 0xd6, 0x81, 0x5c, 0xbb, 0x74, 0xc4, 0x7f, 0xd6, 0x19, 0x05, 0x7f, 0xa7,
  0x0e, 0xca, 0xd3, 0x44, 0x81, 0x14, 0xcb, 0xb4, 0xd5, 0x2a, 0xa8, 0x6a, 0x3c, 0x39, 0x7f, 0xd4, 0x27, 0x8e, 0x16, 0x57,
  0x81, 0x19, 0x81, 0x50, 0x50, 0x59, 0xae, 0x3f, 0x7f, 0x23, 0x01, 0x5c, 0xf2, 0xf3, 0xf8, 0x33, 0xc9, 0x6d, 0x94, 0x81,
  0x81, 0x1d, 0xd3, 0xdf, 0xc0, 0xe2, 0x7e, 0x81, 0x06, 0x23, 0x6b, 0x14, 0x7f, 0xd7, 0x2a, 0x1c, 0xef, 0x05, 0x7f, 0x2e,
  0xe8, 0x30, 0x19, 0x06, 0x81, 0xe5, 0xcf, 0x06, 0x16, 0x17, 0x81, 0xe7, 0xf9, 0x05, 0x09, 0xf3, 0xa5, 0x84, 0x81, 0xca,
  0x0c, 0x16, 0x13, 0x3b, 0x23, 0x7f, 0xef, 0xec, 0x46, 0xef, 0xff, 0xff, 0x04, 0x00, 0x00, 0x00, 0x60, 0x00, 0x00, 0x00,
  0x30, 0x5a, 0x01, 0x00, 0x61, 0xa2, 0x00, 0x00, 0x61, 0x8c, 0x01, 0x00, 0x26, 0xec, 0x01, 0x00, 0x60, 0x8e, 0x00, 0x00,
  0xb2, 0xbe, 0x02, 0x00, 0x64, 0xbe, 0x00, 0x00, 0x2e, 0x83, 0x02, 0x00, 0xa9, 0x2e, 0x02, 0x00, 0x53, 0xa6, 0x01, 0x00,
  0x3e, 0x25, 0x01, 0x00, 0x59, 0x07, 0x03, 0x00, 0xe0, 0x5f, 0x03, 0x00, 0x1a, 0xc4, 0x02, 0x00, 0x5f, 0x03, 0x01, 0x00,
  0x6b, 0x18, 0x01, 0x00, 0x9b, 0x1a, 0x01, 0x00, 0x27, 0x24, 0x02, 0x00, 0x2b, 0x7b, 0x01, 0x00, 0xe5, 0x31, 0x01, 0x00,
  0x33, 0x0f, 0x01, 0x00, 0x03, 0xc8, 0x00, 0x00, 0xa0, 0xd1, 0x02, 0x00, 0x88, 0xf3, 0x00, 0x00, 0xb2, 0xef, 0xff, 0xff,
  0x04, 0x00, 0x00, 0x00, 0x00, 0x03, 0x00, 0x00, 0xa2, 0x61, 0x27, 0xdc, 0x9c, 0xb3, 0x26, 0x60, 0x16, 0x6b, 0x61, 0x7f,
  0x50, 0x1b, 0x16, 0x74, 0x02, 0x05, 0x45, 0x1c, 0x19, 0xe5, 0x4e, 0xd9, 0x1c, 0xcc, 0x16, 0xf2, 0x0d, 0xe7, 0x33, 0x1b,
  0x21, 0xe1, 0x76, 0x7f, 0xf9, 0x16, 0x14, 0xff, 0xaa, 0xfc, 0xfd, 0xd7, 0x3a, 0xb4, 0x15, 0xf8, 0x21, 0x48, 0xc0, 0x0c,
  0xf5, 0xe0, 0x0e, 0x5e, 0x7f, 0x1f, 0x10, 0xb6, 0x0c, 0x08, 0xe8, 0xff, 0x54, 0xfa, 0x02, 0x39, 0xec, 0xf5, 0x06, 0x32,
  0xeb, 0x18, 0xec, 0xd4, 0xc8, 0x1b, 0x2c, 0xff, 0x00, 0xe4, 0x81, 0xe5, 0x0d, 0x5e, 0x2f, 0x1d, 0x0d, 0x0d, 0xc0, 0xd8,
  0x04, 0x3a, 0x28, 0xee, 0xf3, 0xf4, 0x26, 0xdd, 0x0a, 0xc4, 0x19, 0x5e, 0x68, 0xdf, 0x07, 0x7f, 0x15, 0x2e, 0x18, 0xe3,
  0x68, 0x64, 0x4f, 0xf0, 0x5f, 0x02, 0xc5, 0xdf, 0x0f, 0xc5, 0x05, 0x68, 0x02, 0xa1, 0x38, 0xfd, 0x25, 0x06, 0xe4, 0xfd,
  0xe6, 0x22, 0xf7, 0x0c, 0x16, 0x23, 0xbb, 0xdf, 0x64, 0x7f, 0x2a, 0xfe, 0x81, 0x0c, 0xb3, 0xd5, 0x24, 0x07, 0x33, 0x31,
  0xe5, 0xed, 0xf0, 0xfd, 0x49, 0x3d, 0x2c, 0x20, 0xe2, 0xcd, 0x31, 0xe1, 0xf7, 0xcc, 0xd8, 0xcc, 0x06, 0xfc, 0xc0, 0x42,
  0xe5, 0xf9, 0x1c, 0xdf, 0x7f, 0x02, 0x90, 0xf4, 0x0e, 0xea, 0xee, 0x1f, 0xef, 0xe9, 0x00, 0xe9, 0x33, 0xfa, 0xdd, 0x4e,
  0x0e, 0xde, 0xd8, 0xe4, 0xfc, 0x20, 0x31, 0xc7, 0xc4, 0xca, 0x75, 0x7f, 0xb9, 0xf7, 0x03, 0x6d, 0xb9, 0x4e, 0x02, 0x0c,
  0xcb, 0x44, 0xa0, 0x2b, 0x16, 0xd8, 0x3f, 0xd0, 0xd5, 0x81, 0xec, 0xe5, 0xad, 0x0b, 0x3c, 0xd7, 0xfc, 0x09, 0xfe, 0xf3,
  0xd9, 0x05, 0xda, 0xcf, 0x4c, 0xe5, 0x13, 0xee, 0x43, 0x38, 0xe3, 0xa4, 0x27, 0x53, 0x04, 0xf1, 0x0a, 0x44, 0x08, 0x7a,
  0x09, 0xf5, 0x2a, 0x04, 0xc4, 0xee, 0x44, 0x3f, 0xdc, 0x18, 0xf6, 0x7f, 0xe6, 0xfb, 0x17, 0xc0, 0xeb, 0x28, 0xe1, 0xd9,
  0xc6, 0xec, 0x18, 0xd4, 0xf5, 0x7f, 0xf0, 0xee, 0xb9, 0xd8, 0xe7, 0x03, 0xc9, 0x1b, 0xdc, 0xd5, 0x07, 0x6a, 0x27, 0x06,
  0x12, 0x1a, 0xdd, 0x14, 0xb3, 0xfe, 0x44, 0xfc, 0x25, 0x81, 0xfa, 0x07, 0xd7, 0x1e, 0x14, 0xc4, 0xfe, 0x33, 0x29, 0x1d,
  0xe8, 0xf0, 0xe3, 0x3a, 0xf8, 0x10, 0x00, 0x64, 0xc7, 0xf8, 0xef, 0x7f, 0x21, 0xd3, 0x0a, 0x1d, 0xd0, 0x46, 0x38, 0xd9,
  0xd6, 0x01, 0x72, 0xfd, 0x03, 0xf4, 0xef, 0x27, 0xfc, 0xf2, 0x0e, 0xec, 0xed, 0xed, 0xcb, 0xf0, 0x01, 0x35, 0x1d, 0x0d,
  0x7f, 0x0d, 0xe9, 0xfd, 0xf6, 0xef, 0x0c, 0xf7, 0xe1, 0x3a, 0xef, 0x01, 0x2f, 0x69, 0x39, 0xf4, 0x9d, 0x22, 0x5a, 0xfe,
  0x43, 0x81, 0x9d, 0xf4, 0x05, 0x11, 0x2b, 0x0d, 0x15, 0x59, 0x08, 0xe5, 0x6c, 0x2c, 0xcf, 0x30, 0xc3, 0xca, 0xf8, 0x1f,
  0xf8, 0xbc, 0x7e, 0x0f, 0xf3, 0xb1, 0x2b, 0x03, 0x44, 0xfc, 0x64, 0xca, 0x81, 0x16, 0x16, 0xe8, 0xc1, 0x46, 0xed, 0x0e,
  0x45, 0xe1, 0x06, 0xff, 0x14, 0x44, 0xee, 0x56, 0xbb, 0xdf, 0x03, 0x50, 0xea, 0x05, 0x7f, 0x26, 0x55, 0x17, 0x4d, 0xc6,
  0x02, 0xdd, 0x2f, 0x46, 0x18, 0x06, 0xd7, 0xd4, 0xef, 0x1b, 0xdb, 0xf1, 0xe8, 0xf5, 0xda, 0x1b, 0xf5, 0xf8, 0x11, 0xe0,
  0xdf, 0x81, 0x0f, 0xfc, 0x55, 0xe1, 0xee, 0x07, 0xc0, 0xdb, 0x90, 0x27, 0x3a, 0x1d, 0x15, 0x0d, 0xa2, 0x45, 0x19, 0x17,
  0x81, 0xe1, 0x2f, 0x2c, 0x31, 0x50, 0xa8, 0x94, 0xf1, 0xe2, 0xcc, 0x16, 0x90, 0x5f, 0x40, 0x1b, 0xbc, 0xf3, 0x5f, 0x7f,
  0xe8, 0xff, 0xfb, 0xe3, 0x9c, 0x2e, 0x22, 0x68, 0x24, 0x2e, 0x23, 0xf3, 0xe4, 0x0a, 0x0d, 0x9e, 0xa5, 0xe1, 0xf4, 0xce,
  0xc7, 0xfc, 0x0b, 0xdd, 0xb7, 0x7f, 0xf9, 0xca, 0x24, 0x1e, 0x09, 0x40, 0xc9, 0xa6, 0xb0, 0xfe, 0xf0, 0x50, 0x06, 0xf2,
  0xea, 0xc1, 0xed, 0xed, 0xe0, 0xfa, 0x27, 0x0c, 0x7f, 0xdd, 0x3c, 0xfd, 0x9f, 0x4d, 0xd0, 0x0b, 0x34, 0xd6, 0x14, 0xe3,
  0xe0, 0x08, 0x10, 0xf6, 0x0a, 0x55, 0xb8, 0xe0, 0xfb, 0xfc, 0x94, 0xc3, 0x2b, 0x7f, 0x36, 0x07, 0x3a, 0x2a, 0xa2, 0xd7,
  0x3e, 0xec, 0x3c, 0x2e, 0xe5, 0xe9, 0x81, 0x0a, 0xd8, 0xde, 0x6d, 0xca, 0xf2, 0x03, 0x15, 0x09, 0xe9, 0x04, 0x48, 0x29,
  0xc0, 0xc7, 0xcd, 0xd6, 0x3d, 0x2d, 0xff, 0xb9, 0x03, 0x02, 0x1b, 0xda, 0xf3, 0xa0, 0x2e, 0xed, 0x13, 0x35, 0x06, 0xd1,
  0x53, 0xe5, 0x0d, 0x7f, 0x3b, 0x11, 0x24, 0xfe, 0x34, 0x04, 0xc0, 0x2a, 0x9b, 0x28, 0xf6, 0xd0, 0xc2, 0x03, 0x57, 0x7f,
  0xfc, 0xc0, 0x7a, 0x57, 0xcb, 0xe2, 0xf7, 0x61, 0xf0, 0xec, 0xf1, 0x3a, 0xd3, 0x36, 0x49, 0x04, 0x0c, 0xf0, 0xf8, 0xf0,
  0xf3, 0xc4, 0xf3, 0x3f, 0xda, 0xf1, 0x1f, 0x3c, 0x0d, 0xe9, 0xf5, 0xef, 0xe5, 0x0d, 0x4c, 0xe9, 0xfa, 0x10, 0x7f, 0xe4,
  0xbe, 0x0b, 0xae, 0x7f, 0x63, 0xd2, 0x15, 0xdd, 0xf7, 0x4e, 0xd7, 0xcf, 0xb8, 0x63, 0x38, 0x7d, 0x4b, 0xf7, 0xe9, 0x1c,
  0xda, 0x40, 0xa5, 0x27, 0xe7, 0x07, 0xc7, 0x81, 0x23, 0x36, 0x31, 0x3d, 0xe4, 0x40, 0x76, 0xc3, 0xf9, 0xa0, 0x08, 0x0b,
  0x0a, 0x2b, 0x4b, 0xf1, 0x24, 0xff, 0x08, 0x0c, 0xfa, 0x23, 0x09, 0xa9, 0xdd, 0xc0, 0xa5, 0xf1, 0x14, 0xe0, 0xc9, 0x2d,
  0xf8, 0x6b, 0x0d, 0xc4, 0x3b, 0xf5, 0xbc, 0x22, 0x7f, 0xed, 0x31, 0x03, 0x25, 0xef, 0xed, 0x04, 0xee, 0x0b, 0x2d, 0x76,
  0x0c, 0xcf, 0x7f, 0x19, 0xf0, 0xd1, 0xf3, 0xfc, 0xcb, 0x10, 0x00, 0x4a, 0xd6, 0xf9, 0x47, 0xe9, 0xbe, 0xf2, 0xff, 0xff,
  0x04, 0x00, 0x00, 0x00, 0x80, 0x00, 0x00, 0x00, 0x58, 0xee, 0xff, 0xff, 0x34, 0xf9, 0xff, 0xff, 0xb1, 0xed, 0xff, 0xff,
  0xe8, 0x03, 0x00, 0x00, 0x9f, 0xef, 0xff, 0xff, 0x87, 0xf7, 0xff, 0xff, 0x0a, 0x11, 0x00, 0x00, 0xa3, 0x00, 0x00, 0x00,
  0x68, 0xfb, 0xff, 0xff, 0x24, 0x0d, 0x00, 0x00, 0xd0, 0xea, 0xff, 0xff, 0xc3, 0x10, 0x00, 0x00, 0xd2, 0xf2, 0xff, 0xff,
  0xd4, 0xfb, 0xff, 0xff, 0x9d, 0xff, 0xff, 0xff, 0x07, 0xf6, 0xff, 0xff, 0xad, 0xf9, 0xff, 0xff, 0xd6, 0xec, 0xff, 0xff,
  0x63, 0x07, 0x00, 0x00, 0x02, 0x06, 0x00, 0x00, 0xfd, 0xf9, 0xff, 0xff, 0xe7, 0x13, 0x00, 0x00, 0xcd, 0xf5, 0xff, 0xff,
  0x0a, 0xfe, 0xff, 0xff, 0x7b, 0x0a, 0x00, 0x00, 0x28, 0xf5, 0xff, 0xff, 0x30, 0xfe, 0xff, 0xff, 0x69, 0xfc, 0xff, 0xff,
  0x66, 0xfc, 0xff, 0xff, 0xb2, 0xfc, 0xff, 0xff, 0x6b, 0x00, 0x00, 0x00, 0xf4, 0xfc, 0xff, 0xff, 0x4a, 0xf3, 0xff, 0xff,
  0x04, 0x00, 0x00, 0x00, 0xe0, 0x00, 0x00, 0x00, 0x81, 0xdf, 0x22, 0x4e, 0x51, 0xe7, 0x47, 0x0e, 0x01, 0xd3, 0x4b, 0xf9,
  0x81, 0xd8, 0xd9, 0x2a, 0x5b, 0x2c, 0xc0, 0x2f, 0x2b, 0x6c, 0xdd, 0xef, 0x7f, 0x7b, 0x4a, 0x16, 0xea, 0x17, 0x49, 0xaa,
  0xff, 0xb7, 0x35, 0x70, 0x46, 0xd3, 0x2c, 0x21, 0x26, 0x13, 0x14, 0xb9, 0xd7, 0xdb, 0xf2, 0xd0, 0x89, 0x56, 0xa3, 0x7f,
  0x7f, 0x7f, 0x0e, 0xce, 0x18, 0x7f, 0xfe, 0x24, 0x24, 0xd0, 0xcd, 0xee, 0x05, 0x0d, 0x47, 0x76, 0x2b, 0x8a, 0x29, 0x34,
  0xf4, 0x20, 0xed, 0x81, 0x17, 0x15, 0x44, 0xbb, 0x58, 0x44, 0x13, 0xf1, 0xc7, 0x24, 0x0a, 0x03, 0x3a, 0x73, 0x99, 0xd2,
  0x25, 0x7f, 0x34, 0xc3, 0xf5, 0x81, 0xc2, 0x7f, 0x81, 0x7f, 0x21, 0x24, 0x3a, 0xa8, 0x0e, 0xd9, 0x66, 0x19, 0x73, 0x7f,
  0x32, 0x7f, 0xa4, 0xe3, 0xef, 0x1a, 0x15, 0x32, 0x6f, 0x30, 0xe8, 0x42, 0xa6, 0x1c, 0x7f, 0xdb, 0x97, 0x43, 0x81, 0x9e,
  0xe8, 0xd0, 0x23, 0xfd, 0x1d, 0x81, 0x5b, 0xcf, 0x29, 0xf9, 0x4e, 0xf2, 0x6c, 0xdd, 0x8a, 0xec, 0x26, 0xca, 0x7f, 0x7f,
  0x34, 0xef, 0x88, 0x7f, 0xfc, 0xf6, 0x27, 0x7f, 0xdf, 0x03, 0xf0, 0x02, 0xf3, 0x21, 0x44, 0x0a, 0x02, 0x86, 0x81, 0x33,
  0xda, 0x7f, 0xe1, 0xdd, 0xe5, 0x39, 0x99, 0xd5, 0xc6, 0x0f, 0xec, 0x45, 0x14, 0xd3, 0x81, 0xf9, 0xc0, 0xf9, 0xc1, 0x5e,
  0x8e, 0x5b, 0xed, 0x1d, 0xec, 0x08, 0x7f, 0x81, 0x7f, 0xf0, 0xc9, 0x05, 0x19, 0xf3, 0x81, 0xe1, 0x81, 0x45, 0x81, 0xb7,
  0x93, 0x03, 0x62, 0x00, 0x48, 0x06, 0xa3, 0x48, 0x81, 0x08, 0x0a, 0x2e, 0x36, 0xf4, 0xff, 0xff, 0x04, 0x00, 0x00, 0x00,
  0x80, 0x00, 0x00, 0x00, 0x07, 0x1a, 0x00, 0x00, 0xae, 0x03, 0x00, 0x00, 0x1b, 0x00, 0x00, 0x00, 0xe4, 0xf8, 0xff, 0xff,
  0x05, 0xff, 0xff, 0xff, 0x6b, 0x03, 0x00, 0x00, 0x9d, 0xe2, 0xff, 0xff, 0xf7, 0xff, 0xff, 0xff, 0xec, 0xf8, 0xff, 0xff,
  0x5e, 0x14, 0x00, 0x00, 0x57, 0x04, 0x00, 0x00, 0x28, 0x0e, 0x00, 0x00, 0xfc, 0xff, 0xff, 0xff, 0x16, 0xfe, 0xff, 0xff,
  0x32, 0x00, 0x00, 0x00, 0x0b, 0xff, 0xff, 0xff, 0x7b, 0xf8, 0xff, 0xff, 0xaf, 0xf4, 0xff, 0xff, 0x5c, 0x10, 0x00, 0x00,
  0x92, 0xfe, 0xff, 0xff, 0xec, 0x02, 0x00, 0x00, 0x5a, 0xf1, 0xff, 0xff, 0x32, 0xf7, 0xff, 0xff, 0x67, 0xf8, 0xff, 0xff,
  0xb2, 0xe8, 0xff, 0xff, 0xf1, 0xf1, 0xff, 0xff, 0x3d, 0x15, 0x00, 0x00, 0xe5, 0xfa, 0xff, 0xff, 0x98, 0x0e, 0x00, 0x00,
  0x24, 0xfb, 0xff, 0xff, 0x86, 0xf8, 0xff, 0xff, 0x24, 0x00, 0x00, 0x00, 0xc2, 0xf4, 0xff, 0xff, 0x04, 0x00, 0x00, 0x00,
  0x00, 0x01, 0x00, 0x00, 0xeb, 0x27, 0xb0, 0x10, 0xfe, 0x3e, 0xed, 0x30, 0x7f, 0x50, 0xe9, 0x2f, 0xe7, 0xcb, 0x60, 0x07,
  0xf2, 0xfb, 0xfd, 0xdd, 0xdc, 0x05, 0x94, 0xe1, 0x74, 0x0a, 0xfe, 0x39, 0x09, 0x52, 0x76, 0x07, 0x6b, 0x35, 0xf9, 0x00,
  0xb4, 0x26, 0xdb, 0xc2, 0xa5, 0x0d, 0xd1, 0xff, 0x29, 0xb6, 0xe7, 0xc4, 0x04, 0x69, 0xef, 0xdf, 0x03, 0x2a, 0x81, 0xcc,
  0xdb, 0x6f, 0x63, 0xd7, 0x2a, 0x09, 0x64, 0x31, 0xe7, 0x25, 0x16, 0x17, 0x9e, 0xf5, 0xde, 0x7f, 0x5b, 0x34, 0x2d, 0xf3,
  0x2c, 0xfd, 0x47, 0xcc, 0x24, 0x75, 0x57, 0xfb, 0x2d, 0xd3, 0xc3, 0xad, 0x60, 0xe8, 0x2d, 0xdf, 0xf4, 0xe8, 0x10, 0xfb,
  0xd9, 0xf8, 0x51, 0x59, 0x44, 0x01, 0xd6, 0x58, 0xef, 0x1c, 0x0e, 0x7f, 0x0e, 0xf3, 0xfd, 0x1b, 0x2f, 0x13, 0x43, 0x4b,
  0x4e, 0xfd, 0x7a, 0x36, 0xe6, 0x11, 0x25, 0x0b, 0x60, 0x0d, 0x0f, 0x2e, 0xfc, 0x24, 0xe7, 0x72, 0x27, 0x56, 0x35, 0x81,
  0xd6, 0x0a, 0xf2, 0x6b, 0x25, 0x23, 0x3a, 0xfe, 0xf7, 0xfb, 0x4d, 0x1c, 0x3e, 0x74, 0x0e, 0x28, 0xeb, 0x6d, 0x48, 0x08,
  0x6f, 0xb0, 0xac, 0xf3, 0x16, 0xe6, 0x59, 0xc5, 0xde, 0x05, 0x59, 0x78, 0x73, 0x36, 0x0a, 0xa9, 0x4a, 0x60, 0x15, 0xc1,
  0xfc, 0x6f, 0x1e, 0xfe, 0x30, 0x41, 0xf9, 0xa0, 0x1f, 0xaf, 0xdb, 0x7f, 0xef, 0x3e, 0x54, 0x13, 0x54, 0x01, 0x25, 0xdc,
  0xa1, 0xc0, 0xac, 0x36, 0xe2, 0x2a, 0xf7, 0x0b, 0xf1, 0x2e, 0x44, 0x7f, 0x13, 0x20, 0xdb, 0x55, 0x63, 0x02, 0xc2, 0x15,
  0x48, 0x70, 0x17, 0x53, 0xc8, 0x70, 0x0b, 0x21, 0x05, 0x17, 0x39, 0x15, 0x45, 0xff, 0xce, 0xf4, 0x81, 0xd8, 0x45, 0xf8,
  0xfe, 0xf3, 0xff, 0xca, 0x0e, 0xdf, 0x02, 0x3c, 0xdc, 0x2e, 0x46, 0x37, 0x17, 0x3c, 0xcd, 0x42, 0x5c, 0x2c, 0x09, 0x30,
  0xce, 0xf5, 0xff, 0xff, 0x04, 0x00, 0x00, 0x00, 0x20, 0x00, 0x00, 0x00, 0x07, 0x0a, 0x00, 0x00, 0x32, 0x0a, 0x00, 0x00,
  0x82, 0x06, 0x00, 0x00, 0x8d, 0x0a, 0x00, 0x00, 0x08, 0x0e, 0x00, 0x00, 0xd2, 0x03, 0x00, 0x00, 0x10, 0x0a, 0x00, 0x00,
  0xd7, 0x06, 0x00, 0x00, 0xfa, 0xf5, 0xff, 0xff, 0x04, 0x00, 0x00, 0x00, 0x00, 0x01, 0x00, 0x00, 0x8d, 0xce, 0x81, 0x0d,
  0x2f, 0xf2, 0xbe, 0x1a, 0x81, 0x1e, 0x93, 0xfa, 0x40, 0x0d, 0x3d, 0xd7, 0xda, 0x7f, 0x35, 0xad, 0xe9, 0xac, 0x3c, 0x4e,
  0x59, 0x88, 0x44, 0xce, 0x81, 0x8a, 0x16, 0xff, 0xd3, 0xf7, 0xfd, 0x81, 0x0d, 0xa4, 0x14, 0x56, 0xf3, 0x81, 0x2b, 0x47,
  0xf1, 0xc4, 0xcf, 0x1f, 0x25, 0xaa, 0x19, 0xb5, 0xed, 0xc7, 0xe6, 0x81, 0xb2, 0x7f, 0xfa, 0xda, 0x1c, 0xf2, 0x13, 0xeb,
  0x0e, 0xdb, 0x96, 0xda, 0xa9, 0x28, 0xdf, 0x81, 0xbc, 0x7f, 0x14, 0xbf, 0x1e, 0xa9, 0x93, 0xf5, 0xed, 0xe4, 0x81, 0x1e,
  0xe5, 0xf9, 0x97, 0xd0, 0xef, 0x46, 0x30, 0x40, 0x88, 0x81, 0xf9, 0xd9, 0xc1, 0x7f, 0x53, 0xe6, 0x01, 0x5c, 0xc1, 0x5d,
  0x3b, 0x12, 0xfb, 0xf8, 0x7f, 0x26, 0xf4, 0xd2, 0x2f, 0x7f, 0x43, 0x46, 0x05, 0xd2, 0x02, 0x7f, 0xd4, 0x81, 0xea, 0xff,
  0xe9, 0xfc, 0xd6, 0xd3, 0xc0, 0x7f, 0xb1, 0x12, 0x16, 0xc8, 0xe5, 0x0f, 0x99, 0x81, 0xaf, 0xc4, 0xf9, 0x01, 0x4d, 0x47,
  0xa6, 0x34, 0xb3, 0x56, 0x7f, 0x79, 0xca, 0x67, 0x15, 0x4a, 0x81, 0xc0, 0xf2, 0xa7, 0x15, 0x47, 0x45, 0x81, 0xb0, 0xcf,
  0x1b, 0x8a, 0xc1, 0x17, 0x18, 0x9e, 0x75, 0xb5, 0xa3, 0x23, 0x2f, 0x81, 0x58, 0xda, 0xd3, 0xbb, 0xdf, 0x81, 0xb9, 0xd7,
  0x44, 0xd1, 0xe9, 0xd3, 0x7f, 0xf8, 0x06, 0xcb, 0xee, 0x81, 0x9e, 0x03, 0xae, 0xe6, 0x8f, 0x4c, 0xb0, 0xf3, 0x4d, 0x3d,
  0xb1, 0x81, 0x96, 0x8e, 0x41, 0x70, 0x33, 0x46, 0x4d, 0x81, 0xdf, 0x75, 0xbd, 0x84, 0x51, 0xaf, 0x7f, 0xa0, 0x46, 0xf7,
  0x7d, 0x34, 0x6f, 0xa2, 0x81, 0x46, 0xf3, 0x83, 0xd8, 0x7f, 0x56, 0xba, 0xa1, 0x1c, 0xd9, 0xef, 0x62, 0x81, 0x11, 0x54,
  0x92, 0xce, 0x8d, 0xdb, 0xc0, 0x7f, 0x46, 0xa4, 0x2a, 0xff, 0xce, 0x4d, 0x06, 0xf7, 0xff, 0xff, 0x04, 0x00, 0x00, 0x00,
  0x80, 0x00, 0x00, 0x00, 0x07, 0x84, 0x00, 0x00, 0x19, 0xbb, 0x00, 0x00, 0x38, 0xf0, 0x00, 0x00, 0x75, 0xd1, 0x01, 0x00,
  0x67, 0x01, 0x01, 0x00, 0x7a, 0x9e, 0x00, 0x00, 0x52, 0x79, 0x00, 0x00, 0x95, 0x7c, 0x00, 0x00, 0xd3, 0xb9, 0x00, 0x00,
  0x6d, 0xd4, 0x00, 0x00, 0xa3, 0xd3, 0x00, 0x00, 0xde, 0x08, 0x01, 0x00, 0xc5, 0x8d, 0x01, 0x00, 0x90, 0x4f, 0x01, 0x00,
  0xbb, 0x23, 0x01, 0x00, 0x4c, 0xec, 0x00, 0x00, 0x93, 0x92, 0x00, 0x00, 0xd2, 0x2a, 0x01, 0x00, 0xe4, 0xa8, 0x01, 0x00,
  0xfe, 0x1e, 0x01, 0x00, 0x9b, 0x0e, 0x01, 0x00, 0xa6, 0x14, 0x01, 0x00, 0x6e, 0xb9, 0x00, 0x00, 0xb1, 0x90, 0x01, 0x00,
  0xa3, 0x6a, 0x01, 0x00, 0x0c, 0x4a, 0x01, 0x00, 0xdf, 0x7a, 0x01, 0x00, 0x37, 0xb1, 0x01, 0x00, 0x07, 0x9a, 0x00, 0x00,
  0x15, 0x07, 0x01, 0x00, 0x2c, 0x26, 0x01, 0x00, 0x79, 0xc8, 0x00, 0x00, 0x92, 0xf7, 0xff, 0xff, 0x04, 0x00, 0x00, 0x00,
  0x00, 0x06, 0x00, 0x00, 0xe2, 0x83, 0x0e, 0x1c, 0x60, 0x0d, 0x0e, 0xcf, 0x0e, 0xbc, 0x09, 0xef, 0xe0, 0x53, 0x94, 0x4c,
  0xdc, 0x0c, 0x64, 0xdc, 0xfc, 0xf7, 0xb0, 0x81, 0xf1, 0xb0, 0xf7, 0xb6, 0x0b, 0xa8, 0xc1, 0x4c, 0xfc, 0xe7, 0x1f, 0x42,
  0x32, 0x05, 0x09, 0x05, 0x25, 0x0e, 0xf7, 0x11, 0xe2, 0xe3, 0x1e, 0x13, 0x56, 0x20, 0x2a, 0x0a, 0x0f, 0xbf, 0x28, 0x30,
  0xe8, 0x36, 0xe9, 0x7f, 0xd2, 0x37, 0x25, 0xaa, 0x08, 0x2c, 0x07, 0x1b, 0xeb, 0x10, 0xf8, 0xe5, 0xfc, 0x0e, 0xef, 0xa6,
  0x2f, 0xb3, 0x7f, 0xfa, 0x3a, 0xd6, 0x05, 0xf7, 0x35, 0xf1, 0xfc, 0xa0, 0x05, 0xcc, 0x08, 0xe4, 0xfb, 0x16, 0x3f, 0x5e,
  0xd0, 0xdb, 0x5f, 0x4c, 0x33, 0xf0, 0x15, 0xcb, 0xee, 0xff, 0xe7, 0xd7, 0xfd, 0x51, 0xba, 0xdc, 0xf8, 0x13, 0xe4, 0xf6,
  0xe3, 0xf3, 0xe6, 0x31, 0x04, 0x81, 0xce, 0xc4, 0x2a, 0xf0, 0xfc, 0x0c, 0xe2, 0xe3, 0x12, 0xe8, 0xc3, 0x18, 0x12, 0x07,
  0xe4, 0xf9, 0xf2, 0x19, 0xeb, 0xc1, 0xd5, 0x0c, 0xe6, 0xc9, 0x18, 0xdd, 0x28, 0xf2, 0x23, 0x2c, 0x33, 0xcc, 0x13, 0x7f,
  0x22, 0xd1, 0xed, 0xb2, 0x2f, 0x06, 0x0a, 0xe8, 0xff, 0x0b, 0x0d, 0x53, 0xf8, 0x31, 0x31, 0x2b, 0xea, 0x3b, 0x56, 0x17,
  0xf8, 0x27, 0xf8, 0x12, 0xca, 0xd2, 0xfc, 0x34, 0xe1, 0xe8, 0xf3, 0x81, 0xde, 0xe0, 0x06, 0xcc, 0x27, 0xfc, 0xf9, 0x14,
  0xf7, 0x18, 0x0e, 0x01, 0xf5, 0x24, 0x12, 0xcb, 0xe3, 0xab, 0x2b, 0xe7, 0x4b, 0x04, 0xcf, 0xd2, 0x0e, 0xed, 0x2f, 0x1d,
  0x2e, 0xe3, 0xee, 0x88, 0xe3, 0x7f, 0xeb, 0xe3, 0x12, 0xe9, 0x45, 0xf6, 0xe4, 0xed, 0xe3, 0xd6, 0xde, 0x12, 0x0d, 0xe1,
  0x35, 0x07, 0xcf, 0xfc, 0x03, 0x74, 0x0b, 0x03, 0x86, 0x09, 0xdd, 0x41, 0x30, 0x00, 0x0f, 0x12, 0x30, 0x25, 0xf1, 0x81,
  0xc2, 0x03, 0x64, 0xfe, 0x7f, 0x07, 0x01, 0xf9, 0xe8, 0x01, 0xfa, 0x44, 0x33, 0x2c, 0xb8, 0x15, 0x62, 0xe7, 0x07, 0x0b,
  0x67, 0xdf, 0xe7, 0xd9, 0x05, 0x5e, 0x01, 0xfd, 0xfe, 0xb8, 0xf7, 0x87, 0xf7, 0xdc, 0x31, 0xdf, 0x16, 0x10, 0x26, 0x01,
  0x0b, 0xf4, 0xfe, 0xfe, 0x21, 0xe7, 0x37, 0xf4, 0xf2, 0x81, 0x14, 0x0a, 0xe4, 0xce, 0xf2, 0x16, 0x1f, 0x0a, 0x04, 0x36,
  0xff, 0xd5, 0x0b, 0xee, 0x3c, 0xf3, 0x21, 0xf8, 0x54, 0x17, 0xec, 0xf2, 0x53, 0xcb, 0x0b, 0xef, 0xbd, 0xf3, 0x81, 0x27,
  0x26, 0x02, 0xd6, 0xb7, 0x60, 0xf6, 0x04, 0xc7, 0x2f, 0x1e, 0xeb, 0xe8, 0xce, 0xb7, 0x16, 0xe6, 0x07, 0x22, 0x0b, 0x5a,
  0xf1, 0xfd, 0xf8, 0x02, 0xdc, 0xc3, 0xc4, 0xc9, 0x21, 0x0a, 0xbd, 0xb1, 0x16, 0x81, 0x34, 0x14, 0x33, 0x15, 0xdc, 0x58,
  0x2a, 0xdc, 0x0d, 0xb3, 0xd6, 0xcc, 0xf2, 0x02, 0x15, 0xd6, 0x26, 0xfd, 0x5a, 0x02, 0x43, 0x81, 0xdd, 0xcb, 0xdf, 0x20,
  0xf9, 0xce, 0x38, 0x11, 0xf8, 0x40, 0xf2, 0xfe, 0x48, 0x2d, 0x66, 0x3f, 0xb1, 0x03, 0x0b, 0x48, 0xf4, 0xe1, 0x21, 0x54,
  0x1a, 0x00, 0x60, 0x08, 0x31, 0x13, 0xee, 0x2b, 0xf4, 0x26, 0xef, 0x1f, 0xeb, 0x08, 0x94, 0x0b, 0xfc, 0x23, 0xc0, 0xcc,
  0x79, 0xbc, 0x7f, 0xf0, 0xf2, 0x3a, 0xef, 0x27, 0x36, 0xf8, 0x39, 0xd3, 0xfd, 0x08, 0xc8, 0xde, 0xd1, 0xe4, 0xea, 0xc0,
  0xde, 0x08, 0x05, 0x22, 0x2c, 0xa2, 0xa2, 0xd3, 0xe4, 0xaa, 0xcb, 0x07, 0x57, 0x31, 0x72, 0xe5, 0x03, 0xe9, 0xf2, 0xdd,
  0xee, 0x7f, 0x00, 0xe7, 0xe6, 0x0f, 0xda, 0xb3, 0x18, 0xf1, 0xff, 0x7f, 0x24, 0xf9, 0xdc, 0xf2, 0x9b, 0x9f, 0x58, 0x09,
  0xbb, 0xbc, 0xe1, 0xf8, 0x44, 0x0c, 0x98, 0x04, 0x2f, 0x2b, 0x0f, 0xcf, 0xcf, 0x02, 0xdc, 0x09, 0x08, 0xf8, 0xcd, 0xcb,
  0x21, 0xee, 0xe6, 0xcb, 0x4d, 0xff, 0x04, 0xde, 0xfe, 0x94, 0x2a, 0xf8, 0xe1, 0x05, 0x2c, 0xed, 0xea, 0x03, 0x15, 0x27,
  0x34, 0x36, 0xfc, 0x34, 0x1d, 0x7f, 0xd8, 0xc1, 0xea, 0xf9, 0xd6, 0xe5, 0x0e, 0xf5, 0x1c, 0x24, 0xe8, 0x0f, 0xc7, 0xf2,
  0xeb, 0x7f, 0x02, 0xf4, 0x1a, 0x1c, 0x23, 0x0a, 0xea, 0xcf, 0x08, 0x19, 0x0a, 0xdf, 0x11, 0xb7, 0xf2, 0xf3, 0xf9, 0xd1,
  0xe8, 0xf3, 0x11, 0x0d, 0x11, 0x08, 0xfd, 0x19, 0xfd, 0x0f, 0xef, 0xfb, 0xed, 0xa5, 0x50, 0xc9, 0x17, 0x07, 0x31, 0x08,
  0xe5, 0x22, 0xf4, 0xf7, 0xe3, 0x3c, 0xe7, 0xfe, 0xea, 0x7f, 0x15, 0x61, 0xf6, 0x1c, 0x0d, 0xf3, 0x07, 0x06, 0xdd, 0x2e,
  0xf8, 0xfe, 0x02, 0x16, 0xdc, 0x79, 0x81, 0x0d, 0x0f, 0x0f, 0x1a, 0x04, 0xe3, 0xe5, 0xf4, 0xc1, 0x1f, 0x1a, 0xf2, 0xe2,
  0xfb, 0x07, 0x07, 0x57, 0x04, 0xdc, 0x65, 0xbb, 0x20, 0xd7, 0xfa, 0xf9, 0xc4, 0x13, 0xfd, 0x18, 0x36, 0x7f, 0x53, 0x04,
  0xd9, 0x3c, 0x20, 0xf6, 0xe7, 0xec, 0xee, 0x6f, 0xf8, 0x37, 0xd9, 0xef, 0xeb, 0x66, 0x17, 0xde, 0x04, 0x4b, 0x71, 0xa6,
  0x42, 0xef, 0xf3, 0xb5, 0x09, 0xd1, 0xda, 0x15, 0x02, 0x7f, 0xb2, 0x06, 0x36, 0x53, 0xf8, 0x16, 0xf7, 0xc6, 0xd9, 0xf8,
  0xb1, 0x23, 0xd3, 0x65, 0xd7, 0xf7, 0xfc, 0x21, 0x02, 0xfd, 0x30, 0x2b, 0x05, 0x1e, 0x06, 0xef, 0x26, 0x18, 0x05, 0xe9,
  0x31, 0x7f, 0x42, 0x02, 0x08, 0x3d, 0x09, 0xfe, 0xbe, 0x28, 0xf0, 0xf6, 0x01, 0x4f, 0x00, 0xd9, 0xe7, 0x2d, 0x0a, 0xed,
  0xf7, 0xfb, 0xf1, 0x09, 0x00, 0xfe, 0x27, 0xf6, 0xf1, 0x0c, 0xf5, 0xef, 0xf7, 0xda, 0x9e, 0xfe, 0x03, 0x0f, 0x11, 0xe8,
  0x7f, 0xee, 0x3b, 0xf1, 0x00, 0x0a, 0xf4, 0xe0, 0x13, 0x26, 0xfc, 0xdf, 0xd9, 0xe5, 0xd7, 0x7f, 0xa6, 0x1a, 0x3f, 0x2d,
  0xe1, 0xd7, 0xf2, 0xc9, 0xe2, 0x88, 0x93, 0xf2, 0xe8, 0xe7, 0x00, 0xee, 0x0f, 0x50, 0x63, 0xe3, 0x31, 0xd0, 0x1e, 0x33,
  0xa6, 0x56, 0xb3, 0x05, 0xfb, 0x10, 0xd1, 0xf7, 0x03, 0xf4, 0xf7, 0x7f, 0xe8, 0x1b, 0x20, 0x00, 0x03, 0xd2, 0x57, 0x00,
  0xe9, 0x88, 0xfb, 0x0f, 0xf5, 0x00, 0x0a, 0x0f, 0x07, 0xfc, 0x03, 0xc8, 0xdb, 0xd7, 0x1c, 0xce, 0xf4, 0xfb, 0x3a, 0xe2,
  0xe7, 0xf4, 0xf7, 0x04, 0x19, 0xd9, 0xee, 0x1b, 0xef, 0x02, 0x63, 0xf1, 0xf9, 0x50, 0xd1, 0xef, 0x07, 0xda, 0x07, 0x21,
  0xd6, 0xbf, 0x1d, 0x81, 0x1b, 0x00, 0xf2, 0xe2, 0xc6, 0xe6, 0xb8, 0x27, 0xec, 0x35, 0x18, 0xdf, 0x07, 0x2d, 0xfb, 0x22,
  0xe8, 0x1c, 0xbd, 0xfa, 0xf0, 0x9a, 0xf3, 0xf5, 0xf4, 0x36, 0x7f, 0xc5, 0x2f, 0xe3, 0x1f, 0x09, 0x11, 0x0e, 0x0d, 0xb2,
  0xc1, 0xf0, 0xec, 0xf4, 0x16, 0xf7, 0xc4, 0xa3, 0xe7, 0x36, 0x2b, 0x1e, 0x3a, 0xf0, 0x2d, 0xf7, 0xdf, 0xdf, 0xe4, 0xe6,
  0x44, 0xfe, 0x7f, 0xc9, 0xf9, 0xc9, 0x0e, 0xb9, 0x10, 0x07, 0x06, 0xdf, 0x05, 0xef, 0xf2, 0xf4, 0x49, 0x01, 0x11, 0x27,
  0x2a, 0x0c, 0x00, 0x18, 0x21, 0x7f, 0x41, 0x04, 0xe5, 0xeb, 0x11, 0xf1, 0x4e, 0x22, 0x08, 0x1e, 0x17, 0x48, 0xf7, 0x37,
  0x04, 0x3f, 0xfa, 0xc9, 0x48, 0xd8, 0xd2, 0x3d, 0x3b, 0xdf, 0x56, 0xf2, 0xbf, 0xe0, 0x04, 0x22, 0x46, 0x52, 0x50, 0x25,
  0x3c, 0x58, 0x0f, 0x07, 0x7f, 0x50, 0x48, 0xeb, 0xa5, 0xf4, 0x51, 0xd4, 0x10, 0xf8, 0x55, 0x0d, 0x13, 0xfb, 0xe2, 0x24,
  0x05, 0x19, 0xf3, 0xfe, 0x04, 0xf4, 0xf7, 0xc0, 0x09, 0xa2, 0x54, 0x1f, 0xec, 0xff, 0x01, 0xfe, 0xd4, 0x3c, 0x32, 0xbf,
  0x2d, 0xe6, 0xf5, 0xe2, 0xf0, 0xd0, 0x33, 0x7f, 0xf4, 0xfd, 0x81, 0xf0, 0xde, 0xfa, 0xf0, 0xef, 0x3c, 0xd7, 0x15, 0x1f,
  0x38, 0x59, 0x02, 0x19, 0x17, 0x2c, 0x00, 0xeb, 0xc4, 0x0e, 0xfa, 0xf0, 0xfc, 0x02, 0xc2, 0x26, 0xf4, 0x1a, 0xec, 0x0e,
  0xc7, 0x00, 0xd7, 0xe3, 0xbc, 0xef, 0xe4, 0x67, 0x02, 0xec, 0xf9, 0xe1, 0xd1, 0xd7, 0x49, 0x04, 0x4e, 0xb5, 0x00, 0x10,
  0xf8, 0x06, 0x00, 0xd8, 0xf1, 0xe3, 0xfa, 0x81, 0x5a, 0x20, 0xee, 0x73, 0x41, 0xf6, 0x09, 0xff, 0x17, 0x2b, 0x03, 0xbf,
  0x01, 0x16, 0x19, 0xb0, 0x12, 0xf9, 0x12, 0x0a, 0xc7, 0xe7, 0xc1, 0xdb, 0x01, 0x03, 0xd4, 0xbc, 0xd2, 0x3f, 0xf4, 0x5f,
  0xfc, 0x74, 0xfe, 0x7f, 0xf8, 0xfb, 0x01, 0x15, 0x0c, 0xda, 0x2d, 0x42, 0x00, 0x1a, 0x01, 0xff, 0x0e, 0x7f, 0x28, 0x02,
  0x15, 0xc6, 0x3c, 0xfc, 0xd8, 0xeb, 0xf7, 0x2e, 0xee, 0xed, 0xfb, 0xd1, 0x0f, 0x1f, 0xf9, 0x34, 0xd6, 0xda, 0x40, 0x45,
  0xba, 0xeb, 0x49, 0xa1, 0x9d, 0x07, 0x33, 0x33, 0x2a, 0xc4, 0xf8, 0x12, 0xca, 0x9e, 0x4c, 0xea, 0x7f, 0xfa, 0x24, 0x39,
  0x24, 0xd6, 0x24, 0xee, 0x02, 0xc3, 0x16, 0xaa, 0xed, 0x08, 0xeb, 0x70, 0xf8, 0x0e, 0xfc, 0x0e, 0x18, 0xfa, 0x07, 0xd1,
  0x42, 0x5e, 0xab, 0xf5, 0xde, 0xfd, 0xed, 0xdc, 0xe0, 0xfd, 0x20, 0x1b, 0x26, 0x05, 0xe3, 0x81, 0x3c, 0xab, 0x2d, 0x56,
  0xf1, 0xeb, 0x0b, 0x0e, 0x12, 0xdc, 0xdd, 0x1d, 0xd8, 0x1c, 0x08, 0x11, 0x10, 0x7f, 0x98, 0xfe, 0xe4, 0x27, 0xcf, 0xe7,
  0x27, 0xf0, 0x03, 0xf8, 0xd4, 0x16, 0x0d, 0x1b, 0x06, 0x0c, 0xdf, 0x56, 0xee, 0xf9, 0xd0, 0x12, 0xcf, 0xfb, 0xef, 0x7f,
  0xea, 0xee, 0xf1, 0xfa, 0xf3, 0xd4, 0xc7, 0xe4, 0xe5, 0xce, 0x11, 0x0e, 0x10, 0x01, 0xff, 0xda, 0x0e, 0x03, 0x18, 0x31,
  0x0c, 0xe1, 0x1d, 0xf6, 0x33, 0xfe, 0x7f, 0x0f, 0x2b, 0xfe, 0xec, 0xe1, 0x4b, 0x38, 0x10, 0x3f, 0xd7, 0x9a, 0x0a, 0x02,
  0x12, 0xb9, 0xf9, 0xe1, 0x37, 0xe8, 0xeb, 0xe9, 0x51, 0x16, 0xec, 0xf6, 0xb6, 0xf0, 0xe5, 0xd5, 0x54, 0x49, 0x44, 0x37,
  0xb6, 0x10, 0xdc, 0xc5, 0xd5, 0x2d, 0x06, 0x34, 0xed, 0x34, 0x8c, 0xf1, 0x35, 0x1f, 0x41, 0x02, 0x7f, 0xca, 0xfe, 0xbc,
  0xe1, 0xfb, 0xff, 0x1a, 0xdc, 0x5a, 0x42, 0x2c, 0xfc, 0xf0, 0xb3, 0x27, 0xbf, 0xea, 0xda, 0x07, 0x18, 0x04, 0xf7, 0xdb,
  0x37, 0xba, 0x17, 0xf4, 0x51, 0xfc, 0x27, 0xe7, 0xf4, 0xdf, 0x0b, 0xd6, 0x2d, 0xa4, 0xf0, 0x0f, 0x16, 0x23, 0x2f, 0x7f,
  0x21, 0x12, 0xde, 0x1b, 0xff, 0x17, 0xf1, 0xb7, 0xf8, 0xdf, 0x1e, 0x06, 0x1d, 0x0b, 0xe3, 0x0c, 0x32, 0xdc, 0x19, 0xe5,
  0xe3, 0xf3, 0xf7, 0xf5, 0xfc, 0xbc, 0x14, 0x26, 0xea, 0x2a, 0xe4, 0x7f, 0x23, 0x1f, 0xc1, 0xfc, 0x01, 0x01, 0xe8, 0xca,
  0xee, 0x0f, 0x0f, 0xcc, 0xd2, 0x3f, 0xfc, 0xea, 0x01, 0xff, 0xff, 0xf8, 0xee, 0xe9, 0xf0, 0xeb, 0x19, 0x4a, 0x0f, 0xc3,
  0xeb, 0x7f, 0xd3, 0x9f, 0xff, 0xd9, 0x1c, 0x29, 0x50, 0x1d, 0x38, 0xe6, 0xfe, 0x1e, 0xf9, 0x4b, 0x12, 0x81, 0xe9, 0x07,
  0xf6, 0xa3, 0x18, 0xe2, 0x14, 0x15, 0x1d, 0x49, 0xa6, 0x64, 0x3b, 0x71, 0xf8, 0xe2, 0x19, 0x6d, 0xe1, 0xdf, 0x32, 0xfc,
  0x81, 0x28, 0x21, 0xe7, 0x0e, 0xe0, 0xb8, 0x10, 0x0a, 0x28, 0xeb, 0xbd, 0x2d, 0x96, 0x22, 0xfa, 0x20, 0x06, 0x48, 0xd3,
  0x37, 0xd4, 0x10, 0x3a, 0x07, 0x1f, 0xe6, 0xcd, 0x14, 0xf7, 0xbe, 0x17, 0xe4, 0x40, 0x07, 0xd6, 0xe5, 0x32, 0x17, 0xf8,
  0x4b, 0xc1, 0x7d, 0xfb, 0x1f, 0x81, 0x26, 0x0a, 0xc5, 0xf4, 0xe4, 0xef, 0xb3, 0xf5, 0xff, 0xab, 0x09, 0xe8, 0x3f, 0x4d,
  0x9e, 0xfd, 0xff, 0xff, 0x04, 0x00, 0x00, 0x00, 0xc0, 0x00, 0x00, 0x00, 0xa3, 0x0a, 0x00, 0x00, 0x23, 0xf7, 0xff, 0xff,
  0xfe, 0xfe, 0xff, 0xff, 0x24, 0x09, 0x00, 0x00, 0x81, 0x00, 0x00, 0x00, 0xf4, 0xfe, 0xff, 0xff, 0xb8, 0x01, 0x00, 0x00,
  0x5d, 0xfc, 0xff, 0xff, 0x7b, 0xfe, 0xff, 0xff, 0xb3, 0xff, 0xff, 0xff, 0xd6, 0x07, 0x00, 0x00, 0x5a, 0x02, 0x00, 0x00,
  0xc7, 0xfa, 0xff, 0xff, 0x6e, 0xf9, 0xff, 0xff, 0x81, 0x08, 0x00, 0x00, 0x22, 0x04, 0x00, 0x00, 0x07, 0xfe, 0xff, 0xff,
  0x7c, 0x01, 0x00, 0x00, 0x91, 0xfc, 0xff, 0xff, 0xf1, 0x00, 0x00, 0x00, 0xec, 0xf9, 0xff, 0xff, 0x6f, 0x02, 0x00, 0x00,
  0xba, 0xf3, 0xff, 0xff, 0x3d, 0x02, 0x00, 0x00, 0xd8, 0x05, 0x00, 0x00, 0xda, 0x02, 0x00, 0x00, 0x2e, 0x02, 0x00, 0x00,
  0x11, 0x00, 0x00, 0x00, 0xb4, 0x03, 0x00, 0x00, 0xb7, 0xef, 0xff, 0xff, 0xc9, 0xec, 0xff, 0xff, 0xf0, 0xfb, 0xff, 0xff,
  0x7d, 0x03, 0x00, 0x00, 0xed, 0x02, 0x00, 0x00, 0xd3, 0xfb, 0xff, 0xff, 0xe5, 0xf9, 0xff, 0xff, 0x9c, 0xfb, 0xff, 0xff,
  0x6a, 0xfd, 0xff, 0xff, 0x1f, 0xfd, 0xff, 0xff, 0x56, 0xff, 0xff, 0xff, 0x9b, 0x02, 0x00, 0x00, 0x28, 0xf8, 0xff, 0xff,
  0xda, 0x00, 0x00, 0x00, 0x5c, 0xfc, 0xff, 0xff, 0x0b, 0x03, 0x00, 0x00, 0xc5, 0xf5, 0xff, 0xff, 0xc8, 0x02, 0x00, 0x00,
  0x3c, 0x00, 0x00, 0x00, 0x6a, 0xfe, 0xff, 0xff, 0x04, 0x00, 0x00, 0x00, 0x50, 0x01, 0x00, 0x00, 0xd1, 0x2a, 0x2f, 0xe9,
  0xff, 0x23, 0x3f, 0x13, 0xeb, 0xfd, 0x21, 0x26, 0xd7, 0x29, 0xa4, 0x2c, 0x17, 0xf5, 0xb4, 0xd8, 0x27, 0x12, 0x20, 0xf2,
  0x2f, 0xed, 0xcd, 0xce, 0xf7, 0x3b, 0xdc, 0xf1, 0xee, 0xd8, 0x1d, 0x46, 0x46, 0x00, 0x9d, 0x0d, 0x2e, 0xeb, 0x10, 0x0b,
  0x0e, 0xf2, 0x1e, 0x22, 0x9d, 0x55, 0x16, 0xe2, 0xe9, 0x4a, 0x00, 0x50, 0xdf, 0x00, 0x4e, 0x56, 0xb6, 0xa2, 0x9f, 0xf6,
  0xfc, 0xfa, 0xf8, 0xbf, 0xcb, 0xb4, 0x1e, 0x29, 0xe9, 0x9a, 0xe9, 0x35, 0x20, 0x43, 0xd4, 0x38, 0xcb, 0xbf, 0x70, 0xf3,
  0xe9, 0x24, 0xcc, 0x68, 0xfa, 0xf1, 0x38, 0x2c, 0xf0, 0x29, 0xdb, 0x29, 0x68, 0xf9, 0x50, 0xe5, 0x27, 0xf5, 0xec, 0xd3,
  0xc9, 0xcc, 0x2e, 0x0e, 0xd9, 0x2a, 0x16, 0x43, 0xe9, 0xe0, 0x3d, 0x4d, 0x0e, 0x8a, 0xc3, 0xe7, 0xbc, 0x39, 0xf0, 0x41,
  0xbd, 0x88, 0x37, 0xad, 0x40, 0xd3, 0xfc, 0x1c, 0x1d, 0x71, 0xe0, 0x9e, 0x18, 0x46, 0x5b, 0xce, 0x3c, 0xd9, 0xb4, 0x16,
  0xf3, 0xca, 0x38, 0xd3, 0xb5, 0x29, 0x1c, 0x00, 0x1c, 0x13, 0xf9, 0x91, 0xa3, 0x89, 0x10, 0xb1, 0x11, 0xfa, 0x5e, 0x5e,
  0xa5, 0x55, 0x06, 0x3c, 0x35, 0x1e, 0xd5, 0xd6, 0xea, 0x93, 0x26, 0xcb, 0x7d, 0xcb, 0xf6, 0x34, 0x08, 0x21, 0x36, 0x00,
  0x15, 0x4b, 0x26, 0x7f, 0x10, 0xca, 0xc1, 0xb6, 0x07, 0xbe, 0x39, 0xd4, 0xc3, 0x45, 0xe0, 0x07, 0xf4, 0x1c, 0x14, 0x04,
  0x2c, 0x32, 0x6b, 0xcc, 0x17, 0x35, 0x47, 0x21, 0x45, 0xff, 0xbf, 0x52, 0xe0, 0x2e, 0xf8, 0xcb, 0xc8, 0x32, 0xaf, 0xd3,
  0xf8, 0xee, 0x6e, 0xae, 0xb6, 0x17, 0xdb, 0xdb, 0x28, 0x14, 0x14, 0xc2, 0x32, 0xdb, 0x62, 0xc3, 0x1e, 0x13, 0x1c, 0xef,
  0xd2, 0xe9, 0x02, 0x3c, 0xab, 0xbb, 0x37, 0xae, 0xe4, 0x5e, 0x20, 0x1c, 0x07, 0x3c, 0x11, 0x32, 0x32, 0xda, 0x92, 0xa3,
  0x1e, 0x2d, 0xea, 0xa4, 0xec, 0x15, 0xcd, 0xe9, 0x3d, 0xea, 0x17, 0xaf, 0x11, 0x2d, 0xec, 0xd8, 0x21, 0xf4, 0xd9, 0xe6,
  0x09, 0xbf, 0x56, 0x22, 0x1a, 0x06, 0xba, 0xe2, 0xda, 0x33, 0xdd, 0xee, 0x06, 0xf6, 0x2d, 0x3a, 0xa7, 0xc9, 0xe7, 0x23,
  0x28, 0xc5, 0x18, 0xfa, 0x3d, 0x04, 0xfe, 0xd2, 0xd0, 0xe9, 0xfc, 0x0d, 0xf5, 0xc3, 0xf2, 0x61, 0x41, 0xde, 0x14, 0x1a,
  0xbc, 0xe0, 0x2f, 0x2f, 0x42, 0xd2, 0x39, 0x28, 0x1d, 0xdd, 0xc1, 0x04, 0xc6, 0xff, 0xff, 0xff, 0x04, 0x00, 0x00, 0x00,
  0x04, 0x00, 0x00, 0x00, 0x9d, 0xfe, 0xff, 0xff, 0xd6, 0xff, 0xff, 0xff, 0x04, 0x00, 0x00, 0x00, 0x08, 0x00, 0x00, 0x00,
  0x01, 0x00, 0x00, 0x00, 0xfa, 0x00, 0x00, 0x00, 0xea, 0xff, 0xff, 0xff, 0x04, 0x00, 0x00, 0x00, 0x08, 0x00, 0x00, 0x00,
  0x01, 0x00, 0x00, 0x00, 0x02, 0x00, 0x00, 0x00, 0x00, 0x00, 0x06, 0x00, 0x08, 0x00, 0x04, 0x00, 0x06, 0x00, 0x00, 0x00,
  0x04, 0x00, 0x00, 0x00, 0x10, 0x00, 0x00, 0x00, 0x01, 0x00, 0x00, 0x00, 0x01, 0x00, 0x00, 0x00, 0xfa, 0x00, 0x00, 0x00,
  0x01, 0x00, 0x00, 0x00, 0x5c, 0xb9, 0xff, 0xff, 0x60, 0xb9, 0xff, 0xff, 0x0f, 0x00, 0x00, 0x00, 0x4d, 0x4c, 0x49, 0x52,
  0x20, 0x43, 0x6f, 0x6e, 0x76, 0x65, 0x72, 0x74, 0x65, 0x64, 0x2e, 0x00, 0x01, 0x00, 0x00, 0x00, 0x14, 0x00, 0x00, 0x00,
  0x00, 0x00, 0x0e, 0x00, 0x18, 0x00, 0x14, 0x00, 0x10, 0x00, 0x0c, 0x00, 0x08, 0x00, 0x04, 0x00, 0x0e, 0x00, 0x00, 0x00,
  0x14, 0x00, 0x00, 0x00, 0x1c, 0x00, 0x00, 0x00, 0x58, 0x07, 0x00, 0x00, 0x5c, 0x07, 0x00, 0x00, 0x60, 0x07, 0x00, 0x00,
  0x04, 0x00, 0x00, 0x00, 0x6d, 0x61, 0x69, 0x6e, 0x00, 0x00, 0x00, 0x00, 0x1d, 0x00, 0x00, 0x00, 0x20, 0x07, 0x00, 0x00,
  0xec, 0x06, 0x00, 0x00, 0x90, 0x06, 0x00, 0x00, 0x28, 0x06, 0x00, 0x00, 0xd8, 0x05, 0x00, 0x00, 0x90, 0x05, 0x00, 0x00,
  0x50, 0x05, 0x00, 0x00, 0xfc, 0x04, 0x00, 0x00, 0xb4, 0x04, 0x00, 0x00, 0x80, 0x04, 0x00, 0x00, 0x4c, 0x04, 0x00, 0x00,
  0x08, 0x04, 0x00, 0x00, 0xc0, 0x03, 0x00, 0x00, 0x88, 0x03, 0x00, 0x00, 0x40, 0x03, 0x00, 0x00, 0xf8, 0x02, 0x00, 0x00,
  0xc4, 0x02, 0x00, 0x00, 0x90, 0x02, 0x00, 0x00, 0x4c, 0x02, 0x00, 0x00, 0x04, 0x02, 0x00, 0x00, 0xcc, 0x01, 0x00, 0x00,
  0x84, 0x01, 0x00, 0x00, 0x3c, 0x01, 0x00, 0x00, 0x08, 0x01, 0x00, 0x00, 0xd4, 0x00, 0x00, 0x00, 0x90, 0x00, 0x00, 0x00,
  0x50, 0x00, 0x00, 0x00, 0x28, 0x00, 0x00, 0x00, 0x04, 0x00, 0x00, 0x00, 0x8e, 0xf9, 0xff, 0xff, 0x0c, 0x00, 0x00, 0x00,
  0x10, 0x00, 0x00, 0x00, 0x06, 0x00, 0x00, 0x00, 0x01, 0x00, 0x00, 0x00, 0x41, 0x00, 0x00, 0x00, 0x01, 0x00, 0x00, 0x00,
  0x40, 0x00, 0x00, 0x00, 0xae, 0xf9, 0xff, 0xff, 0x0c, 0x00, 0x00, 0x00, 0x10, 0x00, 0x00, 0x00, 0x01, 0x00, 0x00, 0x00,
  0x01, 0x00, 0x00, 0x00, 0x40, 0x00, 0x00, 0x00, 0x02, 0x00, 0x00, 0x00, 0x3f, 0x00, 0x00, 0x00, 0x03, 0x00, 0x00, 0x00,
  0x2e, 0xfa, 0xff, 0xff, 0x14, 0x00, 0x00, 0x00, 0x00, 0x00, 0x00, 0x01, 0x18, 0x00, 0x00, 0x00, 0x1c, 0x00, 0x00, 0x00,
  0x03, 0x00, 0x00, 0x00, 0xba, 0xf9, 0xff, 0xff, 0x01, 0x00, 0x00, 0x00, 0x01, 0x00, 0x00, 0x00, 0x01, 0x00, 0x00, 0x00,
  0x3f, 0x00, 0x00, 0x00, 0x03, 0x00, 0x00, 0x00, 0x3e, 0x00, 0x00, 0x00, 0x05, 0x00, 0x00, 0x00, 0x04, 0x00, 0x00, 0x00,
  0x6a, 0xfa, 0xff, 0xff, 0x14, 0x00, 0x00, 0x00, 0x00, 0x00, 0x00, 0x01, 0x1c, 0x00, 0x00, 0x00, 0x20, 0x00, 0x00, 0x00,
  0x03, 0x00, 0x00, 0x00, 0x0c, 0xfb, 0xff, 0xff, 0x00, 0x00, 0x00, 0x03, 0x01, 0x00, 0x00, 0x00, 0x01, 0x00, 0x00, 0x00,
  0x01, 0x00, 0x00, 0x00, 0x3e, 0x00, 0x00, 0x00, 0x03, 0x00, 0x00, 0x00, 0x3d, 0x00, 0x00, 0x00, 0x07, 0x00, 0x00, 0x00,
  0x06, 0x00, 0x00, 0x00, 0xaa, 0xfa, 0xff, 0xff, 0x14, 0x00, 0x00, 0x00, 0x00, 0x00, 0x00, 0x15, 0x10, 0x00, 0x00, 0x00,
  0x14, 0x00, 0x00, 0x00, 0x05, 0x00, 0x00, 0x00, 0x04, 0xbb, 0xff, 0xff, 0x01, 0x00, 0x00, 0x00, 0x3d, 0x00, 0x00, 0x00,
  0x02, 0x00, 0x00, 0x00, 0x38, 0x00, 0x00, 0x00, 0x3c, 0x00, 0x00, 0x00, 0xda, 0xfa, 0xff, 0xff, 0x14, 0x00, 0x00, 0x00,
  0x00, 0x00, 0x00, 0x15, 0x10, 0x00, 0x00, 0x00, 0x14, 0x00, 0x00, 0x00, 0x05, 0x00, 0x00, 0x00, 0x34, 0xbb, 0xff, 0xff,
  0x01, 0x00, 0x00, 0x00, 0x3c, 0x00, 0x00, 0x00, 0x02, 0x00, 0x00, 0x00, 0x3b, 0x00, 0x00, 0x00, 0x18, 0x00, 0x00, 0x00,
  0x0a, 0xfb, 0xff, 0xff, 0x14, 0x00, 0x00, 0x00, 0x00, 0x00, 0x00, 0x01, 0x20, 0x00, 0x00, 0x00, 0x24, 0x00, 0x00, 0x00,
  0x03, 0x00, 0x00, 0x00, 0x7c, 0xfc, 0xff, 0xff, 0x00, 0x00, 0x00, 0x03, 0x01, 0x00, 0x00, 0x00, 0x01, 0x00, 0x00, 0x00,
  0x00, 0x00, 0x00, 0x01, 0x01, 0x00, 0x00, 0x00, 0x3b, 0x00, 0x00, 0x00, 0x03, 0x00, 0x00, 0x00, 0x3a, 0x00, 0x00, 0x00,
  0x09, 0x00, 0x00, 0x00, 0x08, 0x00, 0x00, 0x00, 0x4e, 0xfb, 0xff, 0xff, 0x14, 0x00, 0x00, 0x00, 0x00, 0x00, 0x00, 0x01,
  0x20, 0x00, 0x00, 0x00, 0x24, 0x00, 0x00, 0x00, 0x03, 0x00, 0x00, 0x00, 0xc0, 0xfc, 0xff, 0xff, 0x00, 0x00, 0x00, 0x03,
  0x01, 0x00, 0x00, 0x00, 0x01, 0x00, 0x00, 0x00, 0x00, 0x00, 0x00, 0x01, 0x01, 0x00, 0x00, 0x00, 0x3a, 0x00, 0x00, 0x00,
  0x03, 0x00, 0x00, 0x00, 0x39, 0x00, 0x00, 0x00, 0x0b, 0x00, 0x00, 0x00, 0x0a, 0x00, 0x00, 0x00, 0x92, 0xfb, 0xff, 0xff,
  0x14, 0x00, 0x00, 0x00, 0x00, 0x00, 0x00, 0x1b, 0x14, 0x00, 0x00, 0x00, 0x18, 0x00, 0x00, 0x00, 0x04, 0x00, 0x00, 0x00,
  0xb2, 0xfc, 0xff, 0xff, 0x00, 0x00, 0x00, 0x01, 0x01, 0x00, 0x00, 0x00, 0x39, 0x00, 0x00, 0x00, 0x02, 0x00, 0x00, 0x00,
  0x38, 0x00, 0x00, 0x00, 0x02, 0x00, 0x00, 0x00, 0xc6, 0xfb, 0xff, 0xff, 0x14, 0x00, 0x00, 0x00, 0x00, 0x00, 0x00, 0x02,
  0x20, 0x00, 0x00, 0x00, 0x24, 0x00, 0x00, 0x00, 0x02, 0x00, 0x00, 0x00, 0x1a, 0xfc, 0xff, 0xff, 0x00, 0x00, 0x00, 0x03,
  0x01, 0x00, 0x00, 0x00, 0x01, 0x00, 0x00, 0x00, 0x01, 0x00, 0x00, 0x00, 0x01, 0x00, 0x00, 0x00, 0x38, 0x00, 0x00, 0x00,
  0x03, 0x00, 0x00, 0x00, 0x37, 0x00, 0x00, 0x00, 0x0d, 0x00, 0x00, 0x00, 0x0c, 0x00, 0x00, 0x00, 0x0a, 0xfc, 0xff, 0xff,
  0x14, 0x00, 0x00, 0x00, 0x00, 0x00, 0x00, 0x01, 0x1c, 0x00, 0x00, 0x00, 0x20, 0x00, 0x00, 0x00, 0x03, 0x00, 0x00, 0x00,
  0xac, 0xfc, 0xff, 0xff, 0x00, 0x00, 0x00, 0x03, 0x01, 0x00, 0x00, 0x00, 0x01, 0x00, 0x00, 0x00, 0x01, 0x00, 0x00, 0x00,
  0x37, 0x00, 0x00, 0x00, 0x03, 0x00, 0x00, 0x00, 0x36, 0x00, 0x00, 0x00, 0x0f, 0x00, 0x00, 0x00, 0x0e, 0x00, 0x00, 0x00,
  0x4a, 0xfc, 0xff, 0xff, 0x14, 0x00, 0x00, 0x00, 0x00, 0x00, 0x00, 0x15, 0x10, 0x00, 0x00, 0x00, 0x14, 0x00, 0x00, 0x00,
  0x05, 0x00, 0x00, 0x00, 0xa4, 0xbc, 0xff, 0xff, 0x01, 0x00, 0x00, 0x00, 0x36, 0x00, 0x00, 0x00, 0x02, 0x00, 0x00, 0x00,
  0x31, 0x00, 0x00, 0x00, 0x35, 0x00, 0x00, 0x00, 0x7a, 0xfc, 0xff, 0xff, 0x14, 0x00, 0x00, 0x00, 0x00, 0x00, 0x00, 0x15,
  0x10, 0x00, 0x00, 0x00, 0x14, 0x00, 0x00, 0x00, 0x05, 0x00, 0x00, 0x00, 0xd4, 0xbc, 0xff, 0xff, 0x01, 0x00, 0x00, 0x00,
  0x35, 0x00, 0x00, 0x00, 0x02, 0x00, 0x00, 0x00, 0x34, 0x00, 0x00, 0x00, 0x18, 0x00, 0x00, 0x00, 0xaa, 0xfc, 0xff, 0xff,
  0x14, 0x00, 0x00, 0x00, 0x00, 0x00, 0x00, 0x01, 0x20, 0x00, 0x00, 0x00, 0x24, 0x00, 0x00, 0x00, 0x03, 0x00, 0x00, 0x00,
  0x1c, 0xfe, 0xff, 0xff, 0x00, 0x00, 0x00, 0x03, 0x01, 0x00, 0x00, 0x00, 0x01, 0x00, 0x00, 0x00, 0x00, 0x00, 0x00, 0x01,
  0x01, 0x00, 0x00, 0x00, 0x34, 0x00, 0x00, 0x00, 0x03, 0x00, 0x00, 0x00, 0x33, 0x00, 0x00, 0x00, 0x11, 0x00, 0x00, 0x00,
  0x10, 0x00, 0x00, 0x00, 0xee, 0xfc, 0xff, 0xff, 0x14, 0x00, 0x00, 0x00, 0x00, 0x00, 0x00, 0x01, 0x20, 0x00, 0x00, 0x00,
  0x24, 0x00, 0x00, 0x00, 0x03, 0x00, 0x00, 0x00, 0x60, 0xfe, 0xff, 0xff, 0x00, 0x00, 0x00, 0x03, 0x01, 0x00, 0x00, 0x00,
  0x01, 0x00, 0x00, 0x00, 0x00, 0x00, 0x00, 0x01, 0x01, 0x00, 0x00, 0x00, 0x33, 0x00, 0x00, 0x00, 0x03, 0x00, 0x00, 0x00,
  0x32, 0x00, 0x00, 0x00, 0x13, 0x00, 0x00, 0x00, 0x12, 0x00, 0x00, 0x00, 0x32, 0xfd, 0xff, 0xff, 0x14, 0x00, 0x00, 0x00,
  0x00, 0x00, 0x00, 0x1b, 0x14, 0x00, 0x00, 0x00, 0x18, 0x00, 0x00, 0x00, 0x04, 0x00, 0x00, 0x00, 0x52, 0xfe, 0xff, 0xff,
  0x00, 0x00, 0x00, 0x01, 0x01, 0x00, 0x00, 0x00, 0x32, 0x00, 0x00, 0x00, 0x02, 0x00, 0x00, 0x00, 0x31, 0x00, 0x00, 0x00,
  0x02, 0x00, 0x00, 0x00, 0x66, 0xfd, 0xff, 0xff, 0x14, 0x00, 0x00, 0x00, 0x00, 0x00, 0x00, 0x02, 0x20, 0x00, 0x00, 0x00,
  0x24, 0x00, 0x00, 0x00, 0x02, 0x00, 0x00, 0x00, 0xba, 0xfd, 0xff, 0xff, 0x00, 0x00, 0x00, 0x03, 0x01, 0x00, 0x00, 0x00,
  0x01, 0x00, 0x00, 0x00, 0x01, 0x00, 0x00, 0x00, 0x01, 0x00, 0x00, 0x00, 0x31, 0x00, 0x00, 0x00, 0x03, 0x00, 0x00, 0x00,
  0x30, 0x00, 0x00, 0x00, 0x15, 0x00, 0x00, 0x00, 0x14, 0x00, 0x00, 0x00, 0xaa, 0xfd, 0xff, 0xff, 0x14, 0x00, 0x00, 0x00,
  0x00, 0x00, 0x00, 0x01, 0x1c, 0x00, 0x00, 0x00, 0x20, 0x00, 0x00, 0x00, 0x03, 0x00, 0x00, 0x00, 0x4c, 0xfe, 0xff, 0xff,
  0x00, 0x00, 0x00, 0x03, 0x01, 0x00, 0x00, 0x00, 0x01, 0x00, 0x00, 0x00, 0x01, 0x00, 0x00, 0x00, 0x30, 0x00, 0x00, 0x00,
  0x03, 0x00, 0x00, 0x00, 0x2f, 0x00, 0x00, 0x00, 0x17, 0x00, 0x00, 0x00, 0x16, 0x00, 0x00, 0x00, 0xea, 0xfd, 0xff, 0xff,
  0x14, 0x00, 0x00, 0x00, 0x00, 0x00, 0x00, 0x15, 0x10, 0x00, 0x00, 0x00, 0x14, 0x00, 0x00, 0x00, 0x05, 0x00, 0x00, 0x00,
  0x44, 0xbe, 0xff, 0xff, 0x01, 0x00, 0x00, 0x00, 0x2f, 0x00, 0x00, 0x00, 0x02, 0x00, 0x00, 0x00, 0x2a, 0x00, 0x00, 0x00,
  0x2e, 0x00, 0x00, 0x00, 0x1a, 0xfe, 0xff, 0xff, 0x14, 0x00, 0x00, 0x00, 0x00, 0x00, 0x00, 0x15, 0x10, 0x00, 0x00, 0x00,
  0x14, 0x00, 0x00, 0x00, 0x05, 0x00, 0x00, 0x00, 0x74, 0xbe, 0xff, 0xff, 0x01, 0x00, 0x00, 0x00, 0x2e, 0x00, 0x00, 0x00,
  0x02, 0x00, 0x00, 0x00, 0x2d, 0x00, 0x00, 0x00, 0x18, 0x00, 0x00, 0x00, 0x4a, 0xfe, 0xff, 0xff, 0x14, 0x00, 0x00, 0x00,
  0x00, 0x00, 0x00, 0x01, 0x20, 0x00, 0x00, 0x00, 0x24, 0x00, 0x00, 0x00, 0x03, 0x00, 0x00, 0x00, 0xbc, 0xff, 0xff, 0xff,
  0x00, 0x00, 0x00, 0x03, 0x01, 0x00, 0x00, 0x00, 0x01, 0x00, 0x00, 0x00, 0x00, 0x00, 0x00, 0x01, 0x01, 0x00, 0x00, 0x00,
  0x2d, 0x00, 0x00, 0x00, 0x03, 0x00, 0x00, 0x00, 0x2c, 0x00, 0x00, 0x00, 0x1a, 0x00, 0x00, 0x00, 0x19, 0x00, 0x00, 0x00,
  0x8e, 0xfe, 0xff, 0xff, 0x20, 0x00, 0x00, 0x00, 0x00, 0x00, 0x00, 0x01, 0x2c, 0x00, 0x00, 0x00, 0x30, 0x00, 0x00, 0x00,
  0x03, 0x00, 0x00, 0x00, 0x0c, 0x00, 0x14, 0x00, 0x13, 0x00, 0x0c, 0x00, 0x08, 0x00, 0x07, 0x00, 0x0c, 0x00, 0x00, 0x00,
  0x00, 0x00, 0x00, 0x03, 0x01, 0x00, 0x00, 0x00, 0x01, 0x00, 0x00, 0x00, 0x00, 0x00, 0x00, 0x01, 0x01, 0x00, 0x00, 0x00,
  0x2c, 0x00, 0x00, 0x00, 0x03, 0x00, 0x00, 0x00, 0x2b, 0x00, 0x00, 0x00, 0x1c, 0x00, 0x00, 0x00, 0x1b, 0x00, 0x00, 0x00,
  0xde, 0xfe, 0xff, 0xff, 0x1c, 0x00, 0x00, 0x00, 0x00, 0x00, 0x00, 0x1b, 0x1c, 0x00, 0x00, 0x00, 0x20, 0x00, 0x00, 0x00,
  0x04, 0x00, 0x00, 0x00, 0x00, 0x00, 0x06, 0x00, 0x08, 0x00, 0x07, 0x00, 0x06, 0x00, 0x00, 0x00, 0x00, 0x00, 0x00, 0x01,
  0x01, 0x00, 0x00, 0x00, 0x2b, 0x00, 0x00, 0x00, 0x02, 0x00, 0x00, 0x00, 0x2a, 0x00, 0x00, 0x00, 0x02, 0x00, 0x00, 0x00,
  0x1a, 0xff, 0xff, 0xff, 0x14, 0x00, 0x00, 0x00, 0x00, 0x00, 0x00, 0x02, 0x20, 0x00, 0x00, 0x00, 0x24, 0x00, 0x00, 0x00,
  0x02, 0x00, 0x00, 0x00, 0x6e, 0xff, 0xff, 0xff, 0x00, 0x00, 0x00, 0x03, 0x01, 0x00, 0x00, 0x00, 0x01, 0x00, 0x00, 0x00,
  0x01, 0x00, 0x00, 0x00, 0x01, 0x00, 0x00, 0x00, 0x2a, 0x00, 0x00, 0x00, 0x03, 0x00, 0x00, 0x00, 0x29, 0x00, 0x00, 0x00,
  0x1e, 0x00, 0x00, 0x00, 0x1d, 0x00, 0x00, 0x00, 0x5e, 0xff, 0xff, 0xff, 0x20, 0x00, 0x00, 0x00, 0x00, 0x00, 0x00, 0x01,
  0x28, 0x00, 0x00, 0x00, 0x2c, 0x00, 0x00, 0x00, 0x03, 0x00, 0x00, 0x00, 0x0c, 0x00, 0x10, 0x00, 0x00, 0x00, 0x0c, 0x00,
  0x08, 0x00, 0x07, 0x00, 0x0c, 0x00, 0x00, 0x00, 0x00, 0x00, 0x00, 0x03, 0x01, 0x00, 0x00, 0x00, 0x01, 0x00, 0x00, 0x00,
  0x01, 0x00, 0x00, 0x00, 0x29, 0x00, 0x00, 0x00, 0x03, 0x00, 0x00, 0x00, 0x28, 0x00, 0x00, 0x00, 0x20, 0x00, 0x00, 0x00,
  0x1f, 0x00, 0x00, 0x00, 0xaa, 0xff, 0xff, 0xff, 0x24, 0x00, 0x00, 0x00, 0x00, 0x00, 0x00, 0x02, 0x30, 0x00, 0x00, 0x00,
  0x34, 0x00, 0x00, 0x00, 0x02, 0x00, 0x00, 0x00, 0x00, 0x00, 0x0e, 0x00, 0x14, 0x00, 0x00, 0x00, 0x10, 0x00, 0x0c, 0x00,
  0x08, 0x00, 0x07, 0x00, 0x0e, 0x00, 0x00, 0x00, 0x00, 0x00, 0x00, 0x03, 0x01, 0x00, 0x00, 0x00, 0x01, 0x00, 0x00, 0x00,
  0x01, 0x00, 0x00, 0x00, 0x01, 0x00, 0x00, 0x00, 0x28, 0x00, 0x00, 0x00, 0x03, 0x00, 0x00, 0x00, 0x27, 0x00, 0x00, 0x00,
  0x22, 0x00, 0x00, 0x00, 0x21, 0x00, 0x00, 0x00, 0x00, 0x00, 0x0e, 0x00, 0x18, 0x00, 0x14, 0x00, 0x10, 0x00, 0x0c, 0x00,
  0x0b, 0x00, 0x04, 0x00, 0x0e, 0x00, 0x00, 0x00, 0x20, 0x00, 0x00, 0x00, 0x00, 0x00, 0x00, 0x02, 0x28, 0x00, 0x00, 0x00,
  0x2c, 0x00, 0x00, 0x00, 0x02, 0x00, 0x00, 0x00, 0x0c, 0x00, 0x10, 0x00, 0x00, 0x00, 0x0c, 0x00, 0x08, 0x00, 0x04, 0x00,
  0x0c, 0x00, 0x00, 0x00, 0x01, 0x00, 0x00, 0x00, 0x01, 0x00, 0x00, 0x00, 0x01, 0x00, 0x00, 0x00, 0x01, 0x00, 0x00, 0x00,
  0x27, 0x00, 0x00, 0x00, 0x03, 0x00, 0x00, 0x00, 0x26, 0x00, 0x00, 0x00, 0x24, 0x00, 0x00, 0x00, 0x23, 0x00, 0x00, 0x00,
  0x00, 0x00, 0x0a, 0x00, 0x10, 0x00, 0x0c, 0x00, 0x08, 0x00, 0x04, 0x00, 0x0a, 0x00, 0x00, 0x00, 0x0c, 0x00, 0x00, 0x00,
  0x10, 0x00, 0x00, 0x00, 0x01, 0x00, 0x00, 0x00, 0x01, 0x00, 0x00, 0x00, 0x26, 0x00, 0x00, 0x00, 0x02, 0x00, 0x00, 0x00,
  0x25, 0x00, 0x00, 0x00, 0x01, 0x00, 0x00, 0x00, 0x00, 0x00, 0x0a, 0x00, 0x0c, 0x00, 0x00, 0x00, 0x08, 0x00, 0x04, 0x00,
  0x0a, 0x00, 0x00, 0x00, 0x08, 0x00, 0x00, 0x00, 0x0c, 0x00, 0x00, 0x00, 0x01, 0x00, 0x00, 0x00, 0x25, 0x00, 0x00, 0x00,
  0x01, 0x00, 0x00, 0x00, 0x00, 0x00, 0x00, 0x00, 0x01, 0x00, 0x00, 0x00, 0x41, 0x00, 0x00, 0x00, 0x01, 0x00, 0x00, 0x00,
  0x00, 0x00, 0x00, 0x00, 0x42, 0x00, 0x00, 0x00, 0xe0, 0x3e, 0x00, 0x00, 0x88, 0x3e, 0x00, 0x00, 0x30, 0x3e, 0x00, 0x00,
  0xf0, 0x3d, 0x00, 0x00, 0x84, 0x3d, 0x00, 0x00, 0x14, 0x3d, 0x00, 0x00, 0x80, 0x3a, 0x00, 0x00, 0xdc, 0x37, 0x00, 0x00,
  0x08, 0x36, 0x00, 0x00, 0x24, 0x34, 0x00, 0x00, 0x70, 0x33, 0x00, 0x00, 0xac, 0x32, 0x00, 0x00, 0xd8, 0x30, 0x00, 0x00,
  0xdc, 0x2e, 0x00, 0x00, 0x08, 0x2d, 0x00, 0x00, 0x24, 0x2b, 0x00, 0x00, 0xb0, 0x29, 0x00, 0x00, 0x2c, 0x28, 0x00, 0x00,
  0x90, 0x27, 0x00, 0x00, 0xe4, 0x26, 0x00, 0x00, 0x70, 0x25, 0x00, 0x00, 0xe8, 0x23, 0x00, 0x00, 0x70, 0x22, 0x00, 0x00,
  0xec, 0x20, 0x00, 0x00, 0x90, 0x20, 0x00, 0x00, 0x7c, 0x1f, 0x00, 0x00, 0x58, 0x1e, 0x00, 0x00, 0xd4, 0x1d, 0x00, 0x00,
  0x40, 0x1d, 0x00, 0x00, 0x2c, 0x1c, 0x00, 0x00, 0x04, 0x1b, 0x00, 0x00, 0xec, 0x19, 0x00, 0x00, 0xc8, 0x18, 0x00, 0x00,
  0x64, 0x18, 0x00, 0x00, 0xf4, 0x17, 0x00, 0x00, 0x94, 0x17, 0x00, 0x00, 0x24, 0x17, 0x00, 0x00, 0xbc, 0x16, 0x00, 0x00,
  0x40, 0x16, 0x00, 0x00, 0x34, 0x15, 0x00, 0x00, 0xd8, 0x13, 0x00, 0x00, 0xd4, 0x12, 0x00, 0x00, 0x78, 0x11, 0x00, 0x00,
  0xfc, 0x10, 0x00, 0x00, 0x10, 0x10, 0x00, 0x00, 0x04, 0x0f, 0x00, 0x00, 0x80, 0x0e, 0x00, 0x00, 0x04, 0x0e, 0x00, 0x00,
  0x00, 0x0d, 0x00, 0x00, 0xa4, 0x0b, 0x00, 0x00, 0x28, 0x0b, 0x00, 0x00, 0x3c, 0x0a, 0x00, 0x00, 0x30, 0x09, 0x00, 0x00,
  0xac, 0x08, 0x00, 0x00, 0x30, 0x08, 0x00, 0x00, 0x2c, 0x07, 0x00, 0x00, 0xd0, 0x05, 0x00, 0x00, 0x54, 0x05, 0x00, 0x00,
  0x68, 0x04, 0x00, 0x00, 0x5c, 0x03, 0x00, 0x00, 0xd8, 0x02, 0x00, 0x00, 0x5c, 0x02, 0x00, 0x00, 0x58, 0x01, 0x00, 0x00,
  0x9c, 0x00, 0x00, 0x00, 0x40, 0x00, 0x00, 0x00, 0x04, 0x00, 0x00, 0x00, 0x3e, 0xc2, 0xff, 0xff, 0x00, 0x00, 0x00, 0x01,
  0x10, 0x00, 0x00, 0x00, 0x10, 0x00, 0x00, 0x00, 0x42, 0x00, 0x00, 0x00, 0x18, 0x00, 0x00, 0x00, 0x28, 0xc2, 0xff, 0xff,
  0x08, 0x00, 0x00, 0x00, 0x49, 0x64, 0x65, 0x6e, 0x74, 0x69, 0x74, 0x79, 0x00, 0x00, 0x00, 0x00, 0x02, 0x00, 0x00, 0x00,
  0x01, 0x00, 0x00, 0x00, 0xfa, 0x00, 0x00, 0x00, 0xca, 0xc2, 0xff, 0xff, 0x00, 0x00, 0x00, 0x01, 0x14, 0x00, 0x00, 0x00,
  0x30, 0x00, 0x00, 0x00, 0x41, 0x00, 0x00, 0x00, 0x00, 0x00, 0x00, 0x09, 0x34, 0x00, 0x00, 0x00, 0xac, 0xc3, 0xff, 0xff,
  0x08, 0x00, 0x00, 0x00, 0x10, 0x00, 0x00, 0x00, 0x01, 0x00, 0x00, 0x00, 0xf5, 0xff, 0xff, 0xff, 0xff, 0xff, 0xff, 0xff,
  0x01, 0x00, 0x00, 0x00, 0x76, 0x40, 0x7f, 0x3d, 0x09, 0x00, 0x00, 0x00, 0x49, 0x64, 0x65, 0x6e, 0x74, 0x69, 0x74, 0x79,
  0x31, 0x00, 0x00, 0x00, 0x02, 0x00, 0x00, 0x00, 0x01, 0x00, 0x00, 0x00, 0xfa, 0x00, 0x00, 0x00, 0x22, 0xc3, 0xff, 0xff,
  0x00, 0x00, 0x00, 0x01, 0x14, 0x00, 0x00, 0x00, 0x30, 0x00, 0x00, 0x00, 0x40, 0x00, 0x00, 0x00, 0x00, 0x00, 0x00, 0x09,
  0x8c, 0x00, 0x00, 0x00, 0x04, 0xc4, 0xff, 0xff, 0x08, 0x00, 0x00, 0x00, 0x10, 0x00, 0x00, 0x00, 0x01, 0x00, 0x00, 0x00,
  0xf5, 0xff, 0xff, 0xff, 0xff, 0xff, 0xff, 0xff, 0x01, 0x00, 0x00, 0x00, 0x76, 0x40, 0x7f, 0x3d, 0x62, 0x00, 0x00, 0x00,
  0x66, 0x75, 0x6e, 0x63, 0x74, 0x69, 0x6f, 0x6e, 0x61, 0x6c, 0x5f, 0x31, 0x2f, 0x4e, 0x45, 0x43, 0x4b, 0x2e, 0x63, 0x6f,
  0x6e, 0x76, 0x5f, 0x31, 0x2f, 0x61, 0x64, 0x64, 0x3b, 0x66, 0x75, 0x6e, 0x63, 0x74, 0x69, 0x6f, 0x6e, 0x61, 0x6c, 0x5f,
  0x31, 0x2f, 0x4e, 0x45, 0x43, 0x4b, 0x2e, 0x63, 0x6f, 0x6e, 0x76, 0x5f, 0x31, 0x2f, 0x63, 0x6f, 0x6e, 0x76, 0x6f, 0x6c,
  0x75, 0x74, 0x69, 0x6f, 0x6e, 0x3b, 0x66, 0x75, 0x6e, 0x63, 0x74, 0x69, 0x6f, 0x6e, 0x61, 0x6c, 0x5f, 0x31, 0x2f, 0x4e,
  0x45, 0x43, 0x4b, 0x2e, 0x63, 0x6f, 0x6e, 0x76, 0x5f, 0x31, 0x2f, 0x52, 0x65, 0x73, 0x68, 0x61, 0x70, 0x65, 0x00, 0x00,
  0x04, 0x00, 0x00, 0x00, 0x01, 0x00, 0x00, 0x00, 0x01, 0x00, 0x00, 0x00, 0xfa, 0x00, 0x00, 0x00, 0x01, 0x00, 0x00, 0x00,
  0xda, 0xc3, 0xff, 0xff, 0x00, 0x00, 0x00, 0x01, 0x14, 0x00, 0x00, 0x00, 0x34, 0x00, 0x00, 0x00, 0x3f, 0x00, 0x00, 0x00,
  0x00, 0x00, 0x00, 0x09, 0xd4, 0x00, 0x00, 0x00, 0xbc, 0xc4, 0xff, 0xff, 0x08, 0x00, 0x00, 0x00, 0x14, 0x00, 0x00, 0x00,
  0x01, 0x00, 0x00, 0x00, 0x80, 0xff, 0xff, 0xff, 0xff, 0xff, 0xff, 0xff, 0x00, 0x00, 0x00, 0x00, 0x01, 0x00, 0x00, 0x00,
  0xc1, 0xc0, 0xc0, 0x3c, 0xa5, 0x00, 0x00, 0x00, 0x66, 0x75, 0x6e, 0x63, 0x74, 0x69, 0x6f, 0x6e, 0x61, 0x6c, 0x5f, 0x31,
  0x2f, 0x42, 0x34, 0x2e, 0x44, 0x31, 0x2e, 0x50, 0x57, 0x2e, 0x41, 0x43, 0x54, 0x5f, 0x31, 0x2f, 0x52, 0x65, 0x6c, 0x75,
  0x36, 0x3b, 0x66, 0x75, 0x6e, 0x63, 0x74, 0x69, 0x6f, 0x6e, 0x61, 0x6c, 0x5f, 0x31, 0x2f, 0x42, 0x34, 0x2e, 0x44, 0x31,
  0x2e, 0x50, 0x57, 0x2e, 0x42, 0x31, 0x2e, 0x42, 0x4e, 0x5f, 0x31, 0x2f, 0x62, 0x61, 0x74, 0x63, 0x68, 0x6e, 0x6f, 0x72,
  0x6d, 0x2f, 0x61, 0x64, 0x64, 0x5f, 0x31, 0x3b, 0x66, 0x75, 0x6e, 0x63, 0x74, 0x69, 0x6f, 0x6e, 0x61, 0x6c, 0x5f, 0x31,
  0x2f, 0x42, 0x34, 0x2e, 0x44, 0x31, 0x2e, 0x50, 0x57, 0x2e, 0x42, 0x31, 0x2e, 0x43, 0x4e, 0x5f, 0x31, 0x2f, 0x63, 0x6f,
  0x6e, 0x76, 0x6f, 0x6c, 0x75, 0x74, 0x69, 0x6f, 0x6e, 0x3b, 0x66, 0x75, 0x6e, 0x63, 0x74, 0x69, 0x6f, 0x6e, 0x61, 0x6c,
  0x5f, 0x31, 0x2f, 0x42, 0x34, 0x2e, 0x44, 0x31, 0x2e, 0x50, 0x57, 0x2e, 0x42, 0x31, 0x2e, 0x42, 0x4e, 0x5f, 0x31, 0x2f,
  0x62, 0x61, 0x74, 0x63, 0x68, 0x6e, 0x6f, 0x72, 0x6d, 0x2f, 0x73, 0x75, 0x62, 0x00, 0x00, 0x00, 0x04, 0x00, 0x00, 0x00,
  0x01, 0x00, 0x00, 0x00, 0x01, 0x00, 0x00, 0x00, 0xfa, 0x00, 0x00, 0x00, 0x30, 0x00, 0x00, 0x00, 0xda, 0xc4, 0xff, 0xff,
  0x00, 0x00, 0x00, 0x01, 0x14, 0x00, 0x00, 0x00, 0x30, 0x00, 0x00, 0x00, 0x3e, 0x00, 0x00, 0x00, 0x00, 0x00, 0x00, 0x09,
  0x4c, 0x00, 0x00, 0x00, 0xbc, 0xc5, 0xff, 0xff, 0x08, 0x00, 0x00, 0x00, 0x10, 0x00, 0x00, 0x00, 0x01, 0x00, 0x00, 0x00,
  0x80, 0xff, 0xff, 0xff, 0xff, 0xff, 0xff, 0xff, 0x01, 0x00, 0x00, 0x00, 0x3d, 0xcb, 0x8f, 0x3c, 0x22, 0x00, 0x00, 0x00,
  0x66, 0x75, 0x6e, 0x63, 0x74, 0x69, 0x6f, 0x6e, 0x61, 0x6c, 0x5f, 0x31, 0x2f, 0x42, 0x34, 0x2e, 0x44, 0x31, 0x2e, 0x53,
  0x45, 0x2e, 0x65, 0x78, 0x2e, 0x6d, 0x75, 0x6c, 0x5f, 0x31, 0x2f, 0x4d, 0x75, 0x6c, 0x00, 0x00, 0x04, 0x00, 0x00, 0x00,
  0x01, 0x00, 0x00, 0x00, 0x01, 0x00, 0x00, 0x00, 0xfa, 0x00, 0x00, 0x00, 0x20, 0x00, 0x00, 0x00, 0x52, 0xc5, 0xff, 0xff,
  0x00, 0x00, 0x00, 0x01, 0x14, 0x00, 0x00, 0x00, 0x34, 0x00, 0x00, 0x00, 0x3d, 0x00, 0x00, 0x00, 0x00, 0x00, 0x00, 0x09,
  0x54, 0x00, 0x00, 0x00, 0x34, 0xc6, 0xff, 0xff, 0x08, 0x00, 0x00, 0x00, 0x14, 0x00, 0x00, 0x00, 0x01, 0x00, 0x00, 0x00,
  0x80, 0xff, 0xff, 0xff, 0xff, 0xff, 0xff, 0xff, 0x00, 0x00, 0x00, 0x00, 0x01, 0x00, 0x00, 0x00, 0x5f, 0x59, 0x4c, 0x3b,
  0x26, 0x00, 0x00, 0x00, 0x66, 0x75, 0x6e, 0x63, 0x74, 0x69, 0x6f, 0x6e, 0x61, 0x6c, 0x5f, 0x31, 0x2f, 0x42, 0x34, 0x2e,
  0x44, 0x31, 0x2e, 0x53, 0x45, 0x2e, 0x65, 0x78, 0x2e, 0x61, 0x63, 0x74, 0x5f, 0x31, 0x2f, 0x74, 0x72, 0x75, 0x65, 0x64,
  0x69, 0x76, 0x00, 0x00, 0x04, 0x00, 0x00, 0x00, 0x01, 0x00, 0x00, 0x00, 0x01, 0x00, 0x00, 0x00, 0x01, 0x00, 0x00, 0x00,
  0x20, 0x00, 0x00, 0x00, 0xd2, 0xc5, 0xff, 0xff, 0x00, 0x00, 0x00, 0x01, 0x14, 0x00, 0x00, 0x00, 0x30, 0x00, 0x00, 0x00,
  0x3c, 0x00, 0x00, 0x00, 0x00, 0x00, 0x00, 0x09, 0xdc, 0x00, 0x00, 0x00, 0xb4, 0xc6, 0xff, 0xff, 0x08, 0x00, 0x00, 0x00,
  0x10, 0x00, 0x00, 0x00, 0x01, 0x00, 0x00, 0x00, 0x80, 0xff, 0xff, 0xff, 0xff, 0xff, 0xff, 0xff, 0x01, 0x00, 0x00, 0x00,
  0x07, 0x43, 0x99, 0x3c, 0xb0, 0x00, 0x00, 0x00, 0x66, 0x75, 0x6e, 0x63, 0x74, 0x69, 0x6f, 0x6e, 0x61, 0x6c, 0x5f, 0x31,
  0x2f, 0x42, 0x34, 0x2e, 0x44, 0x31, 0x2e, 0x53, 0x45, 0x2e, 0x65, 0x78, 0x2e, 0x61, 0x63, 0x74, 0x5f, 0x31, 0x2f, 0x52,
  0x65, 0x6c, 0x75, 0x36, 0x3b, 0x66, 0x75, 0x6e, 0x63, 0x74, 0x69, 0x6f, 0x6e, 0x61, 0x6c, 0x5f, 0x31, 0x2f, 0x42, 0x34,
  0x2e, 0x44, 0x31, 0x2e, 0x53, 0x45, 0x2e, 0x65, 0x78, 0x2e, 0x61, 0x63, 0x74, 0x5f, 0x31, 0x2f, 0x61, 0x64, 0x64, 0x3b,
  0x66, 0x75, 0x6e, 0x63, 0x74, 0x69, 0x6f, 0x6e, 0x61, 0x6c, 0x5f, 0x31, 0x2f, 0x42, 0x34, 0x2e, 0x44, 0x31, 0x2e, 0x53,
  0x45, 0x2e, 0x65, 0x78, 0x5f, 0x31, 0x2f, 0x61, 0x64, 0x64, 0x3b, 0x66, 0x75, 0x6e, 0x63, 0x74, 0x69, 0x6f, 0x6e, 0x61,
  0x6c, 0x5f, 0x31, 0x2f, 0x42, 0x34, 0x2e, 0x44, 0x31, 0x2e, 0x53, 0x45, 0x2e, 0x65, 0x78, 0x5f, 0x31, 0x2f, 0x63, 0x6f,
  0x6e, 0x76, 0x6f, 0x6c, 0x75, 0x74, 0x69, 0x6f, 0x6e, 0x3b, 0x66, 0x75, 0x6e, 0x63, 0x74, 0x69, 0x6f, 0x6e, 0x61, 0x6c,
  0x5f, 0x31, 0x2f, 0x42, 0x34, 0x2e, 0x44, 0x31, 0x2e, 0x53, 0x45, 0x2e, 0x65, 0x78, 0x5f, 0x31, 0x2f, 0x52, 0x65, 0x73,
  0x68, 0x61, 0x70, 0x65, 0x00, 0x00, 0x00, 0x00, 0x04, 0x00, 0x00, 0x00, 0x01, 0x00, 0x00, 0x00, 0x01, 0x00, 0x00, 0x00,
  0x01, 0x00, 0x00, 0x00, 0x20, 0x00, 0x00, 0x00, 0xda, 0xc6, 0xff, 0xff, 0x00, 0x00, 0x00, 0x01, 0x14, 0x00, 0x00, 0x00,
  0x34, 0x00, 0x00, 0x00, 0x3b, 0x00, 0x00, 0x00, 0x00, 0x00, 0x00, 0x09, 0xbc, 0x00, 0x00, 0x00, 0xbc, 0xc7, 0xff, 0xff,
  0x08, 0x00, 0x00, 0x00, 0x14, 0x00, 0x00, 0x00, 0x01, 0x00, 0x00, 0x00, 0x80, 0xff, 0xff, 0xff, 0xff, 0xff, 0xff, 0xff,
  0x00, 0x00, 0x00, 0x00, 0x01, 0x00, 0x00, 0x00, 0x8e, 0x9a, 0x4a, 0x3c, 0x8d, 0x00, 0x00, 0x00, 0x66, 0x75, 0x6e, 0x63,
  0x74, 0x69, 0x6f, 0x6e, 0x61, 0x6c, 0x5f, 0x31, 0x2f, 0x42, 0x34, 0x2e, 0x44, 0x31, 0x2e, 0x53, 0x45, 0x2e, 0x73, 0x71,
  0x2e, 0x61, 0x63, 0x74, 0x5f, 0x31, 0x2f, 0x52, 0x65, 0x6c, 0x75, 0x36, 0x3b, 0x66, 0x75, 0x6e, 0x63, 0x74, 0x69, 0x6f,
  0x6e, 0x61, 0x6c, 0x5f, 0x31, 0x2f, 0x42, 0x34, 0x2e, 0x44, 0x31, 0x2e, 0x53, 0x45, 0x2e, 0x73, 0x71, 0x5f, 0x31, 0x2f,
  0x61, 0x64, 0x64, 0x3b, 0x66, 0x75, 0x6e, 0x63, 0x74, 0x69, 0x6f, 0x6e, 0x61, 0x6c, 0x5f, 0x31, 0x2f, 0x42, 0x34, 0x2e,
  0x44, 0x31, 0x2e, 0x53, 0x45, 0x2e, 0x73, 0x71, 0x5f, 0x31, 0x2f, 0x63, 0x6f, 0x6e, 0x76, 0x6f, 0x6c, 0x75, 0x74, 0x69,
  0x6f, 0x6e, 0x3b, 0x66, 0x75, 0x6e, 0x63, 0x74, 0x69, 0x6f, 0x6e, 0x61, 0x6c, 0x5f, 0x31, 0x2f, 0x42, 0x34, 0x2e, 0x44,
  0x31, 0x2e, 0x53, 0x45, 0x2e, 0x73, 0x71, 0x5f, 0x31, 0x2f, 0x52, 0x65, 0x73, 0x68, 0x61, 0x70, 0x65, 0x00, 0x00, 0x00,
  0x04, 0x00, 0x00, 0x00, 0x01, 0x00, 0x00, 0x00, 0x01, 0x00, 0x00, 0x00, 0x01, 0x00, 0x00, 0x00, 0x08, 0x00, 0x00, 0x00,
  0xc2, 0xc7, 0xff, 0xff, 0x00, 0x00, 0x00, 0x01, 0x14, 0x00, 0x00, 0x00, 0x30, 0x00, 0x00, 0x00, 0x3a, 0x00, 0x00, 0x00,
  0x00, 0x00, 0x00, 0x09, 0x4c, 0x00, 0x00, 0x00, 0xa4, 0xc8, 0xff, 0xff, 0x08, 0x00, 0x00, 0x00, 0x10, 0x00, 0x00, 0x00,
  0x01, 0x00, 0x00, 0x00, 0x80, 0xff, 0xff, 0xff, 0xff, 0xff, 0xff, 0xff, 0x01, 0x00, 0x00, 0x00, 0xbe, 0x74, 0x10, 0x3c,
  0x21, 0x00, 0x00, 0x00, 0x66, 0x75, 0x6e, 0x63, 0x74, 0x69, 0x6f, 0x6e, 0x61, 0x6c, 0x5f, 0x31, 0x2f, 0x42, 0x34, 0x2e,
  0x44, 0x31, 0x2e, 0x53, 0x45, 0x2e, 0x70, 0x6f, 0x6f, 0x6c, 0x5f, 0x31, 0x2f, 0x4d, 0x65, 0x61, 0x6e, 0x00, 0x00, 0x00,
  0x04, 0x00, 0x00, 0x00, 0x01, 0x00, 0x00, 0x00, 0x01, 0x00, 0x00, 0x00, 0x01, 0x00, 0x00, 0x00, 0x20, 0x00, 0x00, 0x00,
  0x3a, 0xc8, 0xff, 0xff, 0x00, 0x00, 0x00, 0x01, 0x14, 0x00, 0x00, 0x00, 0x34, 0x00, 0x00, 0x00, 0x39, 0x00, 0x00, 0x00,
  0x00, 0x00, 0x00, 0x09, 0x2c, 0x01, 0x00, 0x00, 0x1c, 0xc9, 0xff, 0xff, 0x08, 0x00, 0x00, 0x00, 0x14, 0x00, 0x00, 0x00,
  0x01, 0x00, 0x00, 0x00, 0x80, 0xff, 0xff, 0xff, 0xff, 0xff, 0xff, 0xff, 0x00, 0x00, 0x00, 0x00, 0x01, 0x00, 0x00, 0x00,
  0xc1, 0xc0, 0xc0, 0x3c, 0xfd, 0x00, 0x00, 0x00, 0x66, 0x75, 0x6e, 0x63, 0x74, 0x69, 0x6f, 0x6e, 0x61, 0x6c, 0x5f, 0x31,
  0x2f, 0x42, 0x34, 0x2e, 0x44, 0x31, 0x2e, 0x44, 0x57, 0x2e, 0x41, 0x43, 0x54, 0x5f, 0x31, 0x2f, 0x52, 0x65, 0x6c, 0x75,
  0x36, 0x3b, 0x66, 0x75, 0x6e, 0x63, 0x74, 0x69, 0x6f, 0x6e, 0x61, 0x6c, 0x5f, 0x31, 0x2f, 0x42, 0x34, 0x2e, 0x44, 0x31,
  0x2e, 0x44, 0x57, 0x2e, 0x42, 0x31, 0x2e, 0x42, 0x4e, 0x5f, 0x31, 0x2f, 0x62, 0x61, 0x74, 0x63, 0x68, 0x6e, 0x6f, 0x72,
  0x6d, 0x2f, 0x61, 0x64, 0x64, 0x5f, 0x31, 0x3b, 0x66, 0x75, 0x6e, 0x63, 0x74, 0x69, 0x6f, 0x6e, 0x61, 0x6c, 0x5f, 0x31,
  0x2f, 0x42, 0x34, 0x2e, 0x44, 0x31, 0x2e, 0x44, 0x57, 0x2e, 0x42, 0x31, 0x2e, 0x42, 0x4e, 0x5f, 0x31, 0x2f, 0x62, 0x61,
  0x74, 0x63, 0x68, 0x6e, 0x6f, 0x72, 0x6d, 0x2f, 0x6d, 0x75, 0x6c, 0x5f, 0x31, 0x3b, 0x66, 0x75, 0x6e, 0x63, 0x74, 0x69,
  0x6f, 0x6e, 0x61, 0x6c, 0x5f, 0x31, 0x2f, 0x42, 0x34, 0x2e, 0x44, 0x31, 0x2e, 0x44, 0x57, 0x2e, 0x42, 0x31, 0x2e, 0x43,
  0x4e, 0x5f, 0x31, 0x2f, 0x64, 0x65, 0x70, 0x74, 0x68, 0x77, 0x69, 0x73, 0x65, 0x3b, 0x66, 0x75, 0x6e, 0x63, 0x74, 0x69,
  0x6f, 0x6e, 0x61, 0x6c, 0x5f, 0x31, 0x2f, 0x42, 0x34, 0x2e, 0x44, 0x31, 0x2e, 0x44, 0x57, 0x2e, 0x42, 0x31, 0x2e, 0x42,
  0x4e, 0x5f, 0x31, 0x2f, 0x62, 0x61, 0x74, 0x63, 0x68, 0x6e, 0x6f, 0x72, 0x6d, 0x2f, 0x6d, 0x75, 0x6c, 0x3b, 0x66, 0x75,
  0x6e, 0x63, 0x74, 0x69, 0x6f, 0x6e, 0x61, 0x6c, 0x5f, 0x31, 0x2f, 0x42, 0x34, 0x2e, 0x44, 0x31, 0x2e, 0x44, 0x57, 0x2e,
  0x42, 0x31, 0x2e, 0x42, 0x4e, 0x5f, 0x31, 0x2f, 0x62, 0x61, 0x74, 0x63, 0x68, 0x6e, 0x6f, 0x72, 0x6d, 0x2f, 0x73, 0x75,
  0x62, 0x00, 0x00, 0x00, 0x04, 0x00, 0x00, 0x00, 0x01, 0x00, 0x00, 0x00, 0x01, 0x00, 0x00, 0x00, 0xfa, 0x00, 0x00, 0x00,
  0x20, 0x00, 0x00, 0x00, 0x92, 0xc9, 0xff, 0xff, 0x00, 0x00, 0x00, 0x01, 0x14, 0x00, 0x00, 0x00, 0x34, 0x00, 0x00, 0x00,
  0x38, 0x00, 0x00, 0x00, 0x00, 0x00, 0x00, 0x09, 0xd4, 0x00, 0x00, 0x00, 0x74, 0xca, 0xff, 0xff, 0x08, 0x00, 0x00, 0x00,
  0x14, 0x00, 0x00, 0x00, 0x01, 0x00, 0x00, 0x00, 0x80, 0xff, 0xff, 0xff, 0xff, 0xff, 0xff, 0xff, 0x00, 0x00, 0x00, 0x00,
  0x01, 0x00, 0x00, 0x00, 0xc1, 0xc0, 0xc0, 0x3c, 0xa5, 0x00, 0x00, 0x00, 0x66, 0x75, 0x6e, 0x63, 0x74, 0x69, 0x6f, 0x6e,
  0x61, 0x6c, 0x5f, 0x31, 0x2f, 0x42, 0x33, 0x2e, 0x44, 0x31, 0x2e, 0x50, 0x57, 0x2e, 0x41, 0x43, 0x54, 0x5f, 0x31, 0x2f,
  0x52, 0x65, 0x6c, 0x75, 0x36, 0x3b, 0x66, 0x75, 0x6e, 0x63, 0x74, 0x69, 0x6f, 0x6e, 0x61, 0x6c, 0x5f, 0x31, 0x2f, 0x42,
  0x33, 0x2e, 0x44, 0x31, 0x2e, 0x50, 0x57, 0x2e, 0x42, 0x31, 0x2e, 0x42, 0x4e, 0x5f, 0x31, 0x2f, 0x62, 0x61, 0x74, 0x63,
  0x68, 0x6e, 0x6f, 0x72, 0x6d, 0x2f, 0x61, 0x64, 0x64, 0x5f, 0x31, 0x3b, 0x66, 0x75, 0x6e, 0x63, 0x74, 0x69, 0x6f, 0x6e,
  0x61, 0x6c, 0x5f, 0x31, 0x2f, 0x42, 0x33, 0x2e, 0x44, 0x31, 0x2e, 0x50, 0x57, 0x2e, 0x42, 0x31, 0x2e, 0x43, 0x4e, 0x5f,
  0x31, 0x2f, 0x63, 0x6f, 0x6e, 0x76, 0x6f, 0x6c, 0x75, 0x74, 0x69, 0x6f, 0x6e, 0x3b, 0x66, 0x75, 0x6e, 0x63, 0x74, 0x69,
  0x6f, 0x6e, 0x61, 0x6c, 0x5f, 0x31, 0x2f, 0x42, 0x33, 0x2e, 0x44, 0x31, 0x2e, 0x50, 0x57, 0x2e, 0x42, 0x31, 0x2e, 0x42,
  0x4e, 0x5f, 0x31, 0x2f, 0x62, 0x61, 0x74, 0x63, 0x68, 0x6e, 0x6f, 0x72, 0x6d, 0x2f, 0x73, 0x75, 0x62, 0x00, 0x00, 0x00,
  0x04, 0x00, 0x00, 0x00, 0x01, 0x00, 0x00, 0x00, 0x01, 0x00, 0x00, 0x00, 0xfa, 0x00, 0x00, 0x00, 0x20, 0x00, 0x00, 0x00,
  0x92, 0xca, 0xff, 0xff, 0x00, 0x00, 0x00, 0x01, 0x14, 0x00, 0x00, 0x00, 0x30, 0x00, 0x00, 0x00, 0x37, 0x00, 0x00, 0x00,
  0x00, 0x00, 0x00, 0x09, 0x4c, 0x00, 0x00, 0x00, 0x74, 0xcb, 0xff, 0xff, 0x08, 0x00, 0x00, 0x00, 0x10, 0x00, 0x00, 0x00,
  0x01, 0x00, 0x00, 0x00, 0x80, 0xff, 0xff, 0xff, 0xff, 0xff, 0xff, 0xff, 0x01, 0x00, 0x00, 0x00, 0x7a, 0x22, 0x86, 0x3c,
  0x22, 0x00, 0x00, 0x00, 0x66, 0x75, 0x6e, 0x63, 0x74, 0x69, 0x6f, 0x6e, 0x61, 0x6c, 0x5f, 0x31, 0x2f, 0x42, 0x33, 0x2e,
  0x44, 0x31, 0x2e, 0x53, 0x45, 0x2e, 0x65, 0x78, 0x2e, 0x6d, 0x75, 0x6c, 0x5f, 0x31, 0x2f, 0x4d, 0x75, 0x6c, 0x00, 0x00,
  0x04, 0x00, 0x00, 0x00, 0x01, 0x00, 0x00, 0x00, 0x01, 0x00, 0x00, 0x00, 0xfa, 0x00, 0x00, 0x00, 0x18, 0x00, 0x00, 0x00,
  0x0a, 0xcb, 0xff, 0xff, 0x00, 0x00, 0x00, 0x01, 0x14, 0x00, 0x00, 0x00, 0x34, 0x00, 0x00, 0x00, 0x36, 0x00, 0x00, 0x00,
  0x00, 0x00, 0x00, 0x09, 0x54, 0x00, 0x00, 0x00, 0xec, 0xcb, 0xff, 0xff, 0x08, 0x00, 0x00, 0x00, 0x14, 0x00, 0x00, 0x00,
  0x01, 0x00, 0x00, 0x00, 0x80, 0xff, 0xff, 0xff, 0xff, 0xff, 0xff, 0xff, 0x00, 0x00, 0x00, 0x00, 0x01, 0x00, 0x00, 0x00,
  0x90, 0x99, 0x77, 0x3b, 0x26, 0x00, 0x00, 0x00, 0x66, 0x75, 0x6e, 0x63, 0x74, 0x69, 0x6f, 0x6e, 0x61, 0x6c, 0x5f, 0x31,
  0x2f, 0x42, 0x33, 0x2e, 0x44, 0x31, 0x2e, 0x53, 0x45, 0x2e, 0x65, 0x78, 0x2e, 0x61, 0x63, 0x74, 0x5f, 0x31, 0x2f, 0x74,
  0x72, 0x75, 0x65, 0x64, 0x69, 0x76, 0x00, 0x00, 0x04, 0x00, 0x00, 0x00, 0x01, 0x00, 0x00, 0x00, 0x01, 0x00, 0x00, 0x00,
  0x01, 0x00, 0x00, 0x00, 0x18, 0x00, 0x00, 0x00, 0x8a, 0xcb, 0xff, 0xff, 0x00, 0x00, 0x00, 0x01, 0x14, 0x00, 0x00, 0x00,
  0x30, 0x00, 0x00, 0x00, 0x35, 0x00, 0x00, 0x00, 0x00, 0x00, 0x00, 0x09, 0xdc, 0x00, 0x00, 0x00, 0x6c, 0xcc, 0xff, 0xff,
  0x08, 0x00, 0x00, 0x00, 0x10, 0x00, 0x00, 0x00, 0x01, 0x00, 0x00, 0x00, 0x80, 0xff, 0xff, 0xff, 0xff, 0xff, 0xff, 0xff,
  0x01, 0x00, 0x00, 0x00, 0x2b, 0xb3, 0xb9, 0x3c, 0xb0, 0x00, 0x00, 0x00, 0x66, 0x75, 0x6e, 0x63, 0x74, 0x69, 0x6f, 0x6e,
  0x61, 0x6c, 0x5f, 0x31, 0x2f, 0x42, 0x33, 0x2e, 0x44, 0x31, 0x2e, 0x53, 0x45, 0x2e, 0x65, 0x78, 0x2e, 0x61, 0x63, 0x74,
  0x5f, 0x31, 0x2f, 0x52, 0x65, 0x6c, 0x75, 0x36, 0x3b, 0x66, 0x75, 0x6e, 0x63, 0x74, 0x69, 0x6f, 0x6e, 0x61, 0x6c, 0x5f,
  0x31, 0x2f, 0x42, 0x33, 0x2e, 0x44, 0x31, 0x2e, 0x53, 0x45, 0x2e, 0x65, 0x78, 0x2e, 0x61, 0x63, 0x74, 0x5f, 0x31, 0x2f,
  0x61, 0x64, 0x64, 0x3b, 0x66, 0x75, 0x6e, 0x63, 0x74, 0x69, 0x6f, 0x6e, 0x61, 0x6c, 0x5f, 0x31, 0x2f, 0x42, 0x33, 0x2e,
  0x44, 0x31, 0x2e, 0x53, 0x45, 0x2e, 0x65, 0x78, 0x5f, 0x31, 0x2f, 0x61, 0x64, 0x64, 0x3b, 0x66, 0x75, 0x6e, 0x63, 0x74,
  0x69, 0x6f, 0x6e, 0x61, 0x6c, 0x5f, 0x31, 0x2f, 0x42, 0x33, 0x2e, 0x44, 0x31, 0x2e, 0x53, 0x45, 0x2e, 0x65, 0x78, 0x5f,
  0x31, 0x2f, 0x63, 0x6f, 0x6e, 0x76, 0x6f, 0x6c, 0x75, 0x74, 0x69, 0x6f, 0x6e, 0x3b, 0x66, 0x75, 0x6e, 0x63, 0x74, 0x69,
  0x6f, 0x6e, 0x61, 0x6c, 0x5f, 0x31, 0x2f, 0x42, 0x33, 0x2e, 0x44, 0x31, 0x2e, 0x53, 0x45, 0x2e, 0x65, 0x78, 0x5f, 0x31,
  0x2f, 0x52, 0x65, 0x73, 0x68, 0x61, 0x70, 0x65, 0x00, 0x00, 0x00, 0x00, 0x04, 0x00, 0x00, 0x00, 0x01, 0x00, 0x00, 0x00,
  0x01, 0x00, 0x00, 0x00, 0x01, 0x00, 0x00, 0x00, 0x18, 0x00, 0x00, 0x00, 0x92, 0xcc, 0xff, 0xff, 0x00, 0x00, 0x00, 0x01,
  0x14, 0x00, 0x00, 0x00, 0x34, 0x00, 0x00, 0x00, 0x34, 0x00, 0x00, 0x00, 0x00, 0x00, 0x00, 0x09, 0xbc, 0x00, 0x00, 0x00,
  0x74, 0xcd, 0xff, 0xff, 0x08, 0x00, 0x00, 0x00, 0x14, 0x00, 0x00, 0x00, 0x01, 0x00, 0x00, 0x00, 0x80, 0xff, 0xff, 0xff,
  0xff, 0xff, 0xff, 0xff, 0x00, 0x00, 0x00, 0x00, 0x01, 0x00, 0x00, 0x00, 0x70, 0x4d, 0xd3, 0x3b, 0x8d, 0x00, 0x00, 0x00,
  0x66, 0x75, 0x6e, 0x63, 0x74, 0x69, 0x6f, 0x6e, 0x61, 0x6c, 0x5f, 0x31, 0x2f, 0x42, 0x33, 0x2e, 0x44, 0x31, 0x2e, 0x53,
  0x45, 0x2e, 0x73, 0x71, 0x2e, 0x61, 0x63, 0x74, 0x5f, 0x31, 0x2f, 0x52, 0x65, 0x6c, 0x75, 0x36, 0x3b, 0x66, 0x75, 0x6e,
  0x63, 0x74, 0x69, 0x6f, 0x6e, 0x61, 0x6c, 0x5f, 0x31, 0x2f, 0x42, 0x33, 0x2e, 0x44, 0x31, 0x2e, 0x53, 0x45, 0x2e, 0x73,
  0x71, 0x5f, 0x31, 0x2f, 0x61, 0x64, 0x64, 0x3b, 0x66, 0x75, 0x6e, 0x63, 0x74, 0x69, 0x6f, 0x6e, 0x61, 0x6c, 0x5f, 0x31,
  0x2f, 0x42, 0x33, 0x2e, 0x44, 0x31, 0x2e, 0x53, 0x45, 0x2e, 0x73, 0x71, 0x5f, 0x31, 0x2f, 0x63, 0x6f, 0x6e, 0x76, 0x6f,
  0x6c, 0x75, 0x74, 0x69, 0x6f, 0x6e, 0x3b, 0x66, 0x75, 0x6e, 0x63, 0x74, 0x69, 0x6f, 0x6e, 0x61, 0x6c, 0x5f, 0x31, 0x2f,
  0x42, 0x33, 0x2e, 0x44, 0x31, 0x2e, 0x53, 0x45, 0x2e, 0x73, 0x71, 0x5f, 0x31, 0x2f, 0x52, 0x65, 0x73, 0x68, 0x61, 0x70,
  0x65, 0x00, 0x00, 0x00, 0x04, 0x00, 0x00, 0x00, 0x01, 0x00, 0x00, 0x00, 0x01, 0x00, 0x00, 0x00, 0x01, 0x00, 0x00, 0x00,
  0x06, 0x00, 0x00, 0x00, 0x7a, 0xcd, 0xff, 0xff, 0x00, 0x00, 0x00, 0x01, 0x14, 0x00, 0x00, 0x00, 0x30, 0x00, 0x00, 0x00,
  0x33, 0x00, 0x00, 0x00, 0x00, 0x00, 0x00, 0x09, 0x4c, 0x00, 0x00, 0x00, 0x5c, 0xce, 0xff, 0xff, 0x08, 0x00, 0x00, 0x00,
  0x10, 0x00, 0x00, 0x00, 0x01, 0x00, 0x00, 0x00, 0x80, 0xff, 0xff, 0xff, 0xff, 0xff, 0xff, 0xff, 0x01, 0x00, 0x00, 0x00,
  0xef, 0xb1, 0xa2, 0x3b, 0x21, 0x00, 0x00, 0x00, 0x66, 0x75, 0x6e, 0x63, 0x74, 0x69, 0x6f, 0x6e, 0x61, 0x6c, 0x5f, 0x31,
  0x2f, 0x42, 0x33, 0x2e, 0x44, 0x31, 0x2e, 0x53, 0x45, 0x2e, 0x70, 0x6f, 0x6f, 0x6c, 0x5f, 0x31, 0x2f, 0x4d, 0x65, 0x61,
  0x6e, 0x00, 0x00, 0x00, 0x04, 0x00, 0x00, 0x00, 0x01, 0x00, 0x00, 0x00, 0x01, 0x00, 0x00, 0x00, 0x01, 0x00, 0x00, 0x00,
  0x18, 0x00, 0x00, 0x00, 0xf2, 0xcd, 0xff, 0xff, 0x00, 0x00, 0x00, 0x01, 0x14, 0x00, 0x00, 0x00, 0x34, 0x00, 0x00, 0x00,
  0x32, 0x00, 0x00, 0x00, 0x00, 0x00, 0x00, 0x09, 0x2c, 0x01, 0x00, 0x00, 0xd4, 0xce, 0xff, 0xff, 0x08, 0x00, 0x00, 0x00,
  0x14, 0x00, 0x00, 0x00, 0x01, 0x00, 0x00, 0x00, 0x80, 0xff, 0xff, 0xff, 0xff, 0xff, 0xff, 0xff, 0x00, 0x00, 0x00, 0x00,
  0x01, 0x00, 0x00, 0x00, 0xc1, 0xc0, 0xc0, 0x3c, 0xfd, 0x00, 0x00, 0x00, 0x66, 0x75, 0x6e, 0x63, 0x74, 0x69, 0x6f, 0x6e,
  0x61, 0x6c, 0x5f, 0x31, 0x2f, 0x42, 0x33, 0x2e, 0x44, 0x31, 0x2e, 0x44, 0x57, 0x2e, 0x41, 0x43, 0x54, 0x5f, 0x31, 0x2f,
  0x52, 0x65, 0x6c, 0x75, 0x36, 0x3b, 0x66, 0x75, 0x6e, 0x63, 0x74, 0x69, 0x6f, 0x6e, 0x61, 0x6c, 0x5f, 0x31, 0x2f, 0x42,
  0x33, 0x2e, 0x44, 0x31, 0x2e, 0x44, 0x57, 0x2e, 0x42, 0x31, 0x2e, 0x42, 0x4e, 0x5f, 0x31, 0x2f, 0x62, 0x61, 0x74, 0x63,
  0x68, 0x6e, 0x6f, 0x72, 0x6d, 0x2f, 0x61, 0x64, 0x64, 0x5f, 0x31, 0x3b, 0x66, 0x75, 0x6e, 0x63, 0x74, 0x69, 0x6f, 0x6e,
  0x61, 0x6c, 0x5f, 0x31, 0x2f, 0x42, 0x33, 0x2e, 0x44, 0x31, 0x2e, 0x44, 0x57, 0x2e, 0x42, 0x31, 0x2e, 0x42, 0x4e, 0x5f,
  0x31, 0x2f, 0x62, 0x61, 0x74, 0x63, 0x68, 0x6e, 0x6f, 0x72, 0x6d, 0x2f, 0x6d, 0x75, 0x6c, 0x5f, 0x31, 0x3b, 0x66, 0x75,
  0x6e, 0x63, 0x74, 0x69, 0x6f, 0x6e, 0x61, 0x6c, 0x5f, 0x31, 0x2f, 0x42, 0x33, 0x2e, 0x44, 0x31, 0x2e, 0x44, 0x57, 0x2e,
  0x42, 0x31, 0x2e, 0x43, 0x4e, 0x5f, 0x31, 0x2f, 0x64, 0x65, 0x70, 0x74, 0x68, 0x77, 0x69, 0x73, 0x65, 0x3b, 0x66, 0x75,
  0x6e, 0x63, 0x74, 0x69, 0x6f, 0x6e, 0x61, 0x6c, 0x5f, 0x31, 0x2f, 0x42, 0x33, 0x2e, 0x44, 0x31, 0x2e, 0x44, 0x57, 0x2e,
  0x42, 0x31, 0x2e, 0x42, 0x4e, 0x5f, 0x31, 0x2f, 0x62, 0x61, 0x74, 0x63, 0x68, 0x6e, 0x6f, 0x72, 0x6d, 0x2f, 0x6d, 0x75,
  0x6c, 0x3b, 0x66, 0x75, 0x6e, 0x63, 0x74, 0x69, 0x6f, 0x6e, 0x61, 0x6c, 0x5f, 0x31, 0x2f, 0x42, 0x33, 0x2e, 0x44, 0x31,
  0x2e, 0x44, 0x57, 0x2e, 0x42, 0x31, 0x2e, 0x42, 0x4e, 0x5f, 0x31, 0x2f, 0x62, 0x61, 0x74, 0x63, 0x68, 0x6e, 0x6f, 0x72,
  0x6d, 0x2f, 0x73, 0x75, 0x62, 0x00, 0x00, 0x00, 0x04, 0x00, 0x00, 0x00, 0x01, 0x00, 0x00, 0x00, 0x01, 0x00, 0x00, 0x00,
  0xfa, 0x00, 0x00, 0x00, 0x18, 0x00, 0x00, 0x00, 0x4a, 0xcf, 0xff, 0xff, 0x00, 0x00, 0x00, 0x01, 0x14, 0x00, 0x00, 0x00,
  0x34, 0x00, 0x00, 0x00, 0x31, 0x00, 0x00, 0x00, 0x00, 0x00, 0x00, 0x09, 0xd4, 0x00, 0x00, 0x00, 0x2c, 0xd0, 0xff, 0xff,
  0x08, 0x00, 0x00, 0x00, 0x14, 0x00, 0x00, 0x00, 0x01, 0x00, 0x00, 0x00, 0x80, 0xff, 0xff, 0xff, 0xff, 0xff, 0xff, 0xff,
  0x00, 0x00, 0x00, 0x00, 0x01, 0x00, 0x00, 0x00, 0xc1, 0xc0, 0xc0, 0x3c, 0xa5, 0x00, 0x00, 0x00, 0x66, 0x75, 0x6e, 0x63,
  0x74, 0x69, 0x6f, 0x6e, 0x61, 0x6c, 0x5f, 0x31, 0x2f, 0x42, 0x32, 0x2e, 0x44, 0x31, 0x2e, 0x50, 0x57, 0x2e, 0x41, 0x43,
  0x54, 0x5f, 0x31, 0x2f, 0x52, 0x65, 0x6c, 0x75, 0x36, 0x3b, 0x66, 0x75, 0x6e, 0x63, 0x74, 0x69, 0x6f, 0x6e, 0x61, 0x6c,
  0x5f, 0x31, 0x2f, 0x42, 0x32, 0x2e, 0x44, 0x31, 0x2e, 0x50, 0x57, 0x2e, 0x42, 0x31, 0x2e, 0x42, 0x4e, 0x5f, 0x31, 0x2f,
  0x62, 0x61, 0x74, 0x63, 0x68, 0x6e, 0x6f, 0x72, 0x6d, 0x2f, 0x61, 0x64, 0x64, 0x5f, 0x31, 0x3b, 0x66, 0x75, 0x6e, 0x63,
  0x74, 0x69, 0x6f, 0x6e, 0x61, 0x6c, 0x5f, 0x31, 0x2f, 0x42, 0x32, 0x2e, 0x44, 0x31, 0x2e, 0x50, 0x57, 0x2e, 0x42, 0x31,
  0x2e, 0x43, 0x4e, 0x5f, 0x31, 0x2f, 0x63, 0x6f, 0x6e, 0x76, 0x6f, 0x6c, 0x75, 0x74, 0x69, 0x6f, 0x6e, 0x3b, 0x66, 0x75,
  0x6e, 0x63, 0x74, 0x69, 0x6f, 0x6e, 0x61, 0x6c, 0x5f, 0x31, 0x2f, 0x42, 0x32, 0x2e, 0x44, 0x31, 0x2e, 0x50, 0x57, 0x2e,
  0x42, 0x31, 0x2e, 0x42, 0x4e, 0x5f, 0x31, 0x2f, 0x62, 0x61, 0x74, 0x63, 0x68, 0x6e, 0x6f, 0x72, 0x6d, 0x2f, 0x73, 0x75,
  0x62, 0x00, 0x00, 0x00, 0x04, 0x00, 0x00, 0x00, 0x01, 0x00, 0x00, 0x00, 0x01, 0x00, 0x00, 0x00, 0xfa, 0x00, 0x00, 0x00,
  0x18, 0x00, 0x00, 0x00, 0x4a, 0xd0, 0xff, 0xff, 0x00, 0x00, 0x00, 0x01, 0x14, 0x00, 0x00, 0x00, 0x30, 0x00, 0x00, 0x00,
  0x30, 0x00, 0x00, 0x00, 0x00, 0x00, 0x00, 0x09, 0x4c, 0x00, 0x00, 0x00, 0x2c, 0xd1, 0xff, 0xff, 0x08, 0x00, 0x00, 0x00,
  0x10, 0x00, 0x00, 0x00, 0x01, 0x00, 0x00, 0x00, 0x80, 0xff, 0xff, 0xff, 0xff, 0xff, 0xff, 0xff, 0x01, 0x00, 0x00, 0x00,
  0xcc, 0xf1, 0x5b, 0x3c, 0x22, 0x00, 0x00, 0x00, 0x66, 0x75, 0x6e, 0x63, 0x74, 0x69, 0x6f, 0x6e, 0x61, 0x6c, 0x5f, 0x31,
  0x2f, 0x42, 0x32, 0x2e, 0x44, 0x31, 0x2e, 0x53, 0x45, 0x2e, 0x65, 0x78, 0x2e, 0x6d, 0x75, 0x6c, 0x5f, 0x31, 0x2f, 0x4d,
  0x75, 0x6c, 0x00, 0x00, 0x04, 0x00, 0x00, 0x00, 0x01, 0x00, 0x00, 0x00, 0x01, 0x00, 0x00, 0x00, 0xfa, 0x00, 0x00, 0x00,
  0x10, 0x00, 0x00, 0x00, 0xc2, 0xd0, 0xff, 0xff, 0x00, 0x00, 0x00, 0x01, 0x14, 0x00, 0x00, 0x00, 0x34, 0x00, 0x00, 0x00,
  0x2f, 0x00, 0x00, 0x00, 0x00, 0x00, 0x00, 0x09, 0x54, 0x00, 0x00, 0x00, 0xa4, 0xd1, 0xff, 0xff, 0x08, 0x00, 0x00, 0x00,
  0x14, 0x00, 0x00, 0x00, 0x01, 0x00, 0x00, 0x00, 0x80, 0xff, 0xff, 0xff, 0xff, 0xff, 0xff, 0xff, 0x00, 0x00, 0x00, 0x00,
  0x01, 0x00, 0x00, 0x00, 0x19, 0x73, 0x5d, 0x3b, 0x26, 0x00, 0x00, 0x00, 0x66, 0x75, 0x6e, 0x63, 0x74, 0x69, 0x6f, 0x6e,
  0x61, 0x6c, 0x5f, 0x31, 0x2f, 0x42, 0x32, 0x2e, 0x44, 0x31, 0x2e, 0x53, 0x45, 0x2e, 0x65, 0x78, 0x2e, 0x61, 0x63, 0x74,
  0x5f, 0x31, 0x2f, 0x74, 0x72, 0x75, 0x65, 0x64, 0x69, 0x76, 0x00, 0x00, 0x04, 0x00, 0x00, 0x00, 0x01, 0x00, 0x00, 0x00,
  0x01, 0x00, 0x00, 0x00, 0x01, 0x00, 0x00, 0x00, 0x10, 0x00, 0x00, 0x00, 0x42, 0xd1, 0xff, 0xff, 0x00, 0x00, 0x00, 0x01,
  0x14, 0x00, 0x00, 0x00, 0x30, 0x00, 0x00, 0x00, 0x2e, 0x00, 0x00, 0x00, 0x00, 0x00, 0x00, 0x09, 0xdc, 0x00, 0x00, 0x00,
  0x24, 0xd2, 0xff, 0xff, 0x08, 0x00, 0x00, 0x00, 0x10, 0x00, 0x00, 0x00, 0x01, 0x00, 0x00, 0x00, 0x80, 0xff, 0xff, 0xff,
  0xff, 0xff, 0xff, 0xff, 0x01, 0x00, 0x00, 0x00, 0x52, 0x16, 0xa6, 0x3c, 0xb0, 0x00, 0x00, 0x00, 0x66, 0x75, 0x6e, 0x63,
  0x74, 0x69, 0x6f, 0x6e, 0x61, 0x6c, 0x5f, 0x31, 0x2f, 0x42, 0x32, 0x2e, 0x44, 0x31, 0x2e, 0x53, 0x45, 0x2e, 0x65, 0x78,
  0x2e, 0x61, 0x63, 0x74, 0x5f, 0x31, 0x2f, 0x52, 0x65, 0x6c, 0x75, 0x36, 0x3b, 0x66, 0x75, 0x6e, 0x63, 0x74, 0x69, 0x6f,
  0x6e, 0x61, 0x6c, 0x5f, 0x31, 0x2f, 0x42, 0x32, 0x2e, 0x44, 0x31, 0x2e, 0x53, 0x45, 0x2e, 0x65, 0x78, 0x2e, 0x61, 0x63,
  0x74, 0x5f, 0x31, 0x2f, 0x61, 0x64, 0x64, 0x3b, 0x66, 0x75, 0x6e, 0x63, 0x74, 0x69, 0x6f, 0x6e, 0x61, 0x6c, 0x5f, 0x31,
  0x2f, 0x42, 0x32, 0x2e, 0x44, 0x31, 0x2e, 0x53, 0x45, 0x2e, 0x65, 0x78, 0x5f, 0x31, 0x2f, 0x61, 0x64, 0x64, 0x3b, 0x66,
  0x75, 0x6e, 0x63, 0x74, 0x69, 0x6f, 0x6e, 0x61, 0x6c, 0x5f, 0x31, 0x2f, 0x42, 0x32, 0x2e, 0x44, 0x31, 0x2e, 0x53, 0x45,
  0x2e, 0x65, 0x78, 0x5f, 0x31, 0x2f, 0x63, 0x6f, 0x6e, 0x76, 0x6f, 0x6c, 0x75, 0x74, 0x69, 0x6f, 0x6e, 0x3b, 0x66, 0x75,
  0x6e, 0x63, 0x74, 0x69, 0x6f, 0x6e, 0x61, 0x6c, 0x5f, 0x31, 0x2f, 0x42, 0x32, 0x2e, 0x44, 0x31, 0x2e, 0x53, 0x45, 0x2e,
  0x65, 0x78, 0x5f, 0x31, 0x2f, 0x52, 0x65, 0x73, 0x68, 0x61, 0x70, 0x65, 0x00, 0x00, 0x00, 0x00, 0x04, 0x00, 0x00, 0x00,
  0x01, 0x00, 0x00, 0x00, 0x01, 0x00, 0x00, 0x00, 0x01, 0x00, 0x00, 0x00, 0x10, 0x00, 0x00, 0x00, 0x4a, 0xd2, 0xff, 0xff,
  0x00, 0x00, 0x00, 0x01, 0x14, 0x00, 0x00, 0x00, 0x34, 0x00, 0x00, 0x00, 0x2d, 0x00, 0x00, 0x00, 0x00, 0x00, 0x00, 0x09,
  0xbc, 0x00, 0x00, 0x00, 0x2c, 0xd3, 0xff, 0xff, 0x08, 0x00, 0x00, 0x00, 0x14, 0x00, 0x00, 0x00, 0x01, 0x00, 0x00, 0x00,
  0x80, 0xff, 0xff, 0xff, 0xff, 0xff, 0xff, 0xff, 0x00, 0x00, 0x00, 0x00, 0x01, 0x00, 0x00, 0x00, 0x81, 0x14, 0xd7, 0x3b,
  0x8d, 0x00, 0x00, 0x00, 0x66, 0x75, 0x6e, 0x63, 0x74, 0x69, 0x6f, 0x6e, 0x61, 0x6c, 0x5f, 0x31, 0x2f, 0x42, 0x32, 0x2e,
  0x44, 0x31, 0x2e, 0x53, 0x45, 0x2e, 0x73, 0x71, 0x2e, 0x61, 0x63, 0x74, 0x5f, 0x31, 0x2f, 0x52, 0x65, 0x6c, 0x75, 0x36,
  0x3b, 0x66, 0x75, 0x6e, 0x63, 0x74, 0x69, 0x6f, 0x6e, 0x61, 0x6c, 0x5f, 0x31, 0x2f, 0x42, 0x32, 0x2e, 0x44, 0x31, 0x2e,
  0x53, 0x45, 0x2e, 0x73, 0x71, 0x5f, 0x31, 0x2f, 0x61, 0x64, 0x64, 0x3b, 0x66, 0x75, 0x6e, 0x63, 0x74, 0x69, 0x6f, 0x6e,
  0x61, 0x6c, 0x5f, 0x31, 0x2f, 0x42, 0x32, 0x2e, 0x44, 0x31, 0x2e, 0x53, 0x45, 0x2e, 0x73, 0x71, 0x5f, 0x31, 0x2f, 0x63,
  0x6f, 0x6e, 0x76, 0x6f, 0x6c, 0x75, 0x74, 0x69, 0x6f, 0x6e, 0x3b, 0x66, 0x75, 0x6e, 0x63, 0x74, 0x69, 0x6f, 0x6e, 0x61,
  0x6c, 0x5f, 0x31, 0x2f, 0x42, 0x32, 0x2e, 0x44, 0x31, 0x2e, 0x53, 0x45, 0x2e, 0x73, 0x71, 0x5f, 0x31, 0x2f, 0x52, 0x65,
  0x73, 0x68, 0x61, 0x70, 0x65, 0x00, 0x00, 0x00, 0x04, 0x00, 0x00, 0x00, 0x01, 0x00, 0x00, 0x00, 0x01, 0x00, 0x00, 0x00,
  0x01, 0x00, 0x00, 0x00, 0x04, 0x00, 0x00, 0x00, 0x32, 0xd3, 0xff, 0xff, 0x00, 0x00, 0x00, 0x01, 0x14, 0x00, 0x00, 0x00,
  0x30, 0x00, 0x00, 0x00, 0x2c, 0x00, 0x00, 0x00, 0x00, 0x00, 0x00, 0x09, 0x4c, 0x00, 0x00, 0x00, 0x14, 0xd4, 0xff, 0xff,
  0x08, 0x00, 0x00, 0x00, 0x10, 0x00, 0x00, 0x00, 0x01, 0x00, 0x00, 0x00, 0x80, 0xff, 0xff, 0xff, 0xff, 0xff, 0xff, 0xff,
  0x01, 0x00, 0x00, 0x00, 0x3c, 0x4b, 0x75, 0x3b, 0x21, 0x00, 0x00, 0x00, 0x66, 0x75, 0x6e, 0x63, 0x74, 0x69, 0x6f, 0x6e,
  0x61, 0x6c, 0x5f, 0x31, 0x2f, 0x42, 0x32, 0x2e, 0x44, 0x31, 0x2e, 0x53, 0x45, 0x2e, 0x70, 0x6f, 0x6f, 0x6c, 0x5f, 0x31,
  0x2f, 0x4d, 0x65, 0x61, 0x6e, 0x00, 0x00, 0x00, 0x04, 0x00, 0x00, 0x00, 0x01, 0x00, 0x00, 0x00, 0x01, 0x00, 0x00, 0x00,
  0x01, 0x00, 0x00, 0x00, 0x10, 0x00, 0x00, 0x00, 0xaa, 0xd3, 0xff, 0xff, 0x00, 0x00, 0x00, 0x01, 0x14, 0x00, 0x00, 0x00,
  0x34, 0x00, 0x00, 0x00, 0x2b, 0x00, 0x00, 0x00, 0x00, 0x00, 0x00, 0x09, 0x2c, 0x01, 0x00, 0x00, 0x8c, 0xd4, 0xff, 0xff,
  0x08, 0x00, 0x00, 0x00, 0x14, 0x00, 0x00, 0x00, 0x01, 0x00, 0x00, 0x00, 0x80, 0xff, 0xff, 0xff, 0xff, 0xff, 0xff, 0xff,
  0x00, 0x00, 0x00, 0x00, 0x01, 0x00, 0x00, 0x00, 0xc1, 0xc0, 0xc0, 0x3c, 0xfd, 0x00, 0x00, 0x00, 0x66, 0x75, 0x6e, 0x63,
  0x74, 0x69, 0x6f, 0x6e, 0x61, 0x6c, 0x5f, 0x31, 0x2f, 0x42, 0x32, 0x2e, 0x44, 0x31, 0x2e, 0x44, 0x57, 0x2e, 0x41, 0x43,
  0x54, 0x5f, 0x31, 0x2f, 0x52, 0x65, 0x6c, 0x75, 0x36, 0x3b, 0x66, 0x75, 0x6e, 0x63, 0x74, 0x69, 0x6f, 0x6e, 0x61, 0x6c,
  0x5f, 0x31, 0x2f, 0x42, 0x32, 0x2e, 0x44, 0x31, 0x2e, 0x44, 0x57, 0x2e, 0x42, 0x31, 0x2e, 0x42, 0x4e, 0x5f, 0x31, 0x2f,
  0x62, 0x61, 0x74, 0x63, 0x68, 0x6e, 0x6f, 0x72, 0x6d, 0x2f, 0x61, 0x64, 0x64, 0x5f, 0x31, 0x3b, 0x66, 0x75, 0x6e, 0x63,
  0x74, 0x69, 0x6f, 0x6e, 0x61, 0x6c, 0x5f, 0x31, 0x2f, 0x42, 0x32, 0x2e, 0x44, 0x31, 0x2e, 0x44, 0x57, 0x2e, 0x42, 0x31,
  0x2e, 0x42, 0x4e, 0x5f, 0x31, 0x2f, 0x62, 0x61, 0x74, 0x63, 0x68, 0x6e, 0x6f, 0x72, 0x6d, 0x2f, 0x6d, 0x75, 0x6c, 0x5f,
  0x31, 0x3b, 0x66, 0x75, 0x6e, 0x63, 0x74, 0x69, 0x6f, 0x6e, 0x61, 0x6c, 0x5f, 0x31, 0x2f, 0x42, 0x32, 0x2e, 0x44, 0x31,
  0x2e, 0x44, 0x57, 0x2e, 0x42, 0x31, 0x2e, 0x43, 0x4e, 0x5f, 0x31, 0x2f, 0x64, 0x65, 0x70, 0x74, 0x68, 0x77, 0x69, 0x73,
  0x65, 0x3b, 0x66, 0x75, 0x6e, 0x63, 0x74, 0x69, 0x6f, 0x6e, 0x61, 0x6c, 0x5f, 0x31, 0x2f, 0x42, 0x32, 0x2e, 0x44, 0x31,
  0x2e, 0x44, 0x57, 0x2e, 0x42, 0x31, 0x2e, 0x42, 0x4e, 0x5f, 0x31, 0x2f, 0x62, 0x61, 0x74, 0x63, 0x68, 0x6e, 0x6f, 0x72,
  0x6d, 0x2f, 0x6d, 0x75, 0x6c, 0x3b, 0x66, 0x75, 0x6e, 0x63, 0x74, 0x69, 0x6f, 0x6e, 0x61, 0x6c, 0x5f, 0x31, 0x2f, 0x42,
  0x32, 0x2e, 0x44, 0x31, 0x2e, 0x44, 0x57, 0x2e, 0x42, 0x31, 0x2e, 0x42, 0x4e, 0x5f, 0x31, 0x2f, 0x62, 0x61, 0x74, 0x63,
  0x68, 0x6e, 0x6f, 0x72, 0x6d, 0x2f, 0x73, 0x75, 0x62, 0x00, 0x00, 0x00, 0x04, 0x00, 0x00, 0x00, 0x01, 0x00, 0x00, 0x00,
  0x01, 0x00, 0x00, 0x00, 0xfa, 0x00, 0x00, 0x00, 0x10, 0x00, 0x00, 0x00, 0x02, 0xd5, 0xff, 0xff, 0x00, 0x00, 0x00, 0x01,
  0x14, 0x00, 0x00, 0x00, 0x34, 0x00, 0x00, 0x00, 0x2a, 0x00, 0x00, 0x00, 0x00, 0x00, 0x00, 0x09, 0xd4, 0x00, 0x00, 0x00,
  0xe4, 0xd5, 0xff, 0xff, 0x08, 0x00, 0x00, 0x00, 0x14, 0x00, 0x00, 0x00, 0x01, 0x00, 0x00, 0x00, 0x80, 0xff, 0xff, 0xff,
  0xff, 0xff, 0xff, 0xff, 0x00, 0x00, 0x00, 0x00, 0x01, 0x00, 0x00, 0x00, 0x66, 0xe0, 0x31, 0x3c, 0xa5, 0x00, 0x00, 0x00,
  0x66, 0x75, 0x6e, 0x63, 0x74, 0x69, 0x6f, 0x6e, 0x61, 0x6c, 0x5f, 0x31, 0x2f, 0x42, 0x31, 0x2e, 0x44, 0x31, 0x2e, 0x50,
  0x57, 0x2e, 0x41, 0x43, 0x54, 0x5f, 0x31, 0x2f, 0x52, 0x65, 0x6c, 0x75, 0x36, 0x3b, 0x66, 0x75, 0x6e, 0x63, 0x74, 0x69,
  0x6f, 0x6e, 0x61, 0x6c, 0x5f, 0x31, 0x2f, 0x42, 0x31, 0x2e, 0x44, 0x31, 0x2e, 0x50, 0x57, 0x2e, 0x42, 0x31, 0x2e, 0x42,
  0x4e, 0x5f, 0x31, 0x2f, 0x62, 0x61, 0x74, 0x63, 0x68, 0x6e, 0x6f, 0x72, 0x6d, 0x2f, 0x61, 0x64, 0x64, 0x5f, 0x31, 0x3b,
  0x66, 0x75, 0x6e, 0x63, 0x74, 0x69, 0x6f, 0x6e, 0x61, 0x6c, 0x5f, 0x31, 0x2f, 0x42, 0x31, 0x2e, 0x44, 0x31, 0x2e, 0x50,
  0x57, 0x2e, 0x42, 0x31, 0x2e, 0x43, 0x4e, 0x5f, 0x31, 0x2f, 0x63, 0x6f, 0x6e, 0x76, 0x6f, 0x6c, 0x75, 0x74, 0x69, 0x6f,
  0x6e, 0x3b, 0x66, 0x75, 0x6e, 0x63, 0x74, 0x69, 0x6f, 0x6e, 0x61, 0x6c, 0x5f, 0x31, 0x2f, 0x42, 0x31, 0x2e, 0x44, 0x31,
  0x2e, 0x50, 0x57, 0x2e, 0x42, 0x31, 0x2e, 0x42, 0x4e, 0x5f, 0x31, 0x2f, 0x62, 0x61, 0x74, 0x63, 0x68, 0x6e, 0x6f, 0x72,
  0x6d, 0x2f, 0x73, 0x75, 0x62, 0x00, 0x00, 0x00, 0x04, 0x00, 0x00, 0x00, 0x01, 0x00, 0x00, 0x00, 0x01, 0x00, 0x00, 0x00,
  0xfa, 0x00, 0x00, 0x00, 0x10, 0x00, 0x00, 0x00, 0x02, 0xd6, 0xff, 0xff, 0x00, 0x00, 0x00, 0x01, 0x14, 0x00, 0x00, 0x00,
  0x34, 0x00, 0x00, 0x00, 0x29, 0x00, 0x00, 0x00, 0x00, 0x00, 0x00, 0x09, 0x2c, 0x01, 0x00, 0x00, 0xe4, 0xd6, 0xff, 0xff,
  0x08, 0x00, 0x00, 0x00, 0x14, 0x00, 0x00, 0x00, 0x01, 0x00, 0x00, 0x00, 0x80, 0xff, 0xff, 0xff, 0xff, 0xff, 0xff, 0xff,
  0x00, 0x00, 0x00, 0x00, 0x01, 0x00, 0x00, 0x00, 0xb4, 0xcc, 0x9c, 0x3b, 0xfd, 0x00, 0x00, 0x00, 0x66, 0x75, 0x6e, 0x63,
  0x74, 0x69, 0x6f, 0x6e, 0x61, 0x6c, 0x5f, 0x31, 0x2f, 0x42, 0x31, 0x2e, 0x44, 0x31, 0x2e, 0x44, 0x57, 0x2e, 0x41, 0x43,
  0x54, 0x5f, 0x31, 0x2f, 0x52, 0x65, 0x6c, 0x75, 0x36, 0x3b, 0x66, 0x75, 0x6e, 0x63, 0x74, 0x69, 0x6f, 0x6e, 0x61, 0x6c,
  0x5f, 0x31, 0x2f, 0x42, 0x31, 0x2e, 0x44, 0x31, 0x2e, 0x44, 0x57, 0x2e, 0x42, 0x31, 0x2e, 0x42, 0x4e, 0x5f, 0x31, 0x2f,
  0x62, 0x61, 0x74, 0x63, 0x68, 0x6e, 0x6f, 0x72, 0x6d, 0x2f, 0x61, 0x64, 0x64, 0x5f, 0x31, 0x3b, 0x66, 0x75, 0x6e, 0x63,
  0x74, 0x69, 0x6f, 0x6e, 0x61, 0x6c, 0x5f, 0x31, 0x2f, 0x42, 0x31, 0x2e, 0x44, 0x31, 0x2e, 0x44, 0x57, 0x2e, 0x42, 0x31,
  0x2e, 0x42, 0x4e, 0x5f, 0x31, 0x2f, 0x62, 0x61, 0x74, 0x63, 0x68, 0x6e, 0x6f, 0x72, 0x6d, 0x2f, 0x6d, 0x75, 0x6c, 0x5f,
  0x31, 0x3b, 0x66, 0x75, 0x6e, 0x63, 0x74, 0x69, 0x6f, 0x6e, 0x61, 0x6c, 0x5f, 0x31, 0x2f, 0x42, 0x31, 0x2e, 0x44, 0x31,
  0x2e, 0x44, 0x57, 0x2e, 0x42, 0x31, 0x2e, 0x43, 0x4e, 0x5f, 0x31, 0x2f, 0x64, 0x65, 0x70, 0x74, 0x68, 0x77, 0x69, 0x73,
  0x65, 0x3b, 0x66, 0x75, 0x6e, 0x63, 0x74, 0x69, 0x6f, 0x6e, 0x61, 0x6c, 0x5f, 0x31, 0x2f, 0x42, 0x31, 0x2e, 0x44, 0x31,
  0x2e, 0x44, 0x57, 0x2e, 0x42, 0x31, 0x2e, 0x42, 0x4e, 0x5f, 0x31, 0x2f, 0x62, 0x61, 0x74, 0x63, 0x68, 0x6e, 0x6f, 0x72,
  0x6d, 0x2f, 0x6d, 0x75, 0x6c, 0x3b, 0x66, 0x75, 0x6e, 0x63, 0x74, 0x69, 0x6f, 0x6e, 0x61, 0x6c, 0x5f, 0x31, 0x2f, 0x42,
  0x31, 0x2e, 0x44, 0x31, 0x2e, 0x44, 0x57, 0x2e, 0x42, 0x31, 0x2e, 0x42, 0x4e, 0x5f, 0x31, 0x2f, 0x62, 0x61, 0x74, 0x63,
  0x68, 0x6e, 0x6f, 0x72, 0x6d, 0x2f, 0x73, 0x75, 0x62, 0x00, 0x00, 0x00, 0x04, 0x00, 0x00, 0x00, 0x01, 0x00, 0x00, 0x00,
  0x01, 0x00, 0x00, 0x00, 0xfa, 0x00, 0x00, 0x00, 0x01, 0x00, 0x00, 0x00, 0x5a, 0xd7, 0xff, 0xff, 0x00, 0x00, 0x00, 0x01,
  0x14, 0x00, 0x00, 0x00, 0x30, 0x00, 0x00, 0x00, 0x28, 0x00, 0x00, 0x00, 0x00, 0x00, 0x00, 0x09, 0xdc, 0x00, 0x00, 0x00,
  0x3c, 0xd8, 0xff, 0xff, 0x08, 0x00, 0x00, 0x00, 0x10, 0x00, 0x00, 0x00, 0x01, 0x00, 0x00, 0x00, 0x14, 0x00, 0x00, 0x00,
  0x00, 0x00, 0x00, 0x00, 0x01, 0x00, 0x00, 0x00, 0x4c, 0x36, 0x30, 0x3d, 0xb3, 0x00, 0x00, 0x00, 0x66, 0x75, 0x6e, 0x63,
  0x74, 0x69, 0x6f, 0x6e, 0x61, 0x6c, 0x5f, 0x31, 0x2f, 0x45, 0x4e, 0x43, 0x2e, 0x42, 0x4e, 0x5f, 0x31, 0x2f, 0x62, 0x61,
  0x74, 0x63, 0x68, 0x6e, 0x6f, 0x72, 0x6d, 0x2f, 0x61, 0x64, 0x64, 0x5f, 0x31, 0x3b, 0x66, 0x75, 0x6e, 0x63, 0x74, 0x69,
  0x6f, 0x6e, 0x61, 0x6c, 0x5f, 0x31, 0x2f, 0x45, 0x4e, 0x43, 0x2e, 0x42, 0x4e, 0x5f, 0x31, 0x2f, 0x62, 0x61, 0x74, 0x63,
  0x68, 0x6e, 0x6f, 0x72, 0x6d, 0x2f, 0x6d, 0x75, 0x6c, 0x5f, 0x31, 0x3b, 0x66, 0x75, 0x6e, 0x63, 0x74, 0x69, 0x6f, 0x6e,
  0x61, 0x6c, 0x5f, 0x31, 0x2f, 0x45, 0x4e, 0x43, 0x2e, 0x43, 0x4e, 0x5f, 0x31, 0x2f, 0x64, 0x65, 0x70, 0x74, 0x68, 0x77,
  0x69, 0x73, 0x65, 0x3b, 0x66, 0x75, 0x6e, 0x63, 0x74, 0x69, 0x6f, 0x6e, 0x61, 0x6c, 0x5f, 0x31, 0x2f, 0x45, 0x4e, 0x43,
  0x2e, 0x42, 0x4e, 0x5f, 0x31, 0x2f, 0x62, 0x61, 0x74, 0x63, 0x68, 0x6e, 0x6f, 0x72, 0x6d, 0x2f, 0x6d, 0x75, 0x6c, 0x3b,
  0x66, 0x75, 0x6e, 0x63, 0x74, 0x69, 0x6f, 0x6e, 0x61, 0x6c, 0x5f, 0x31, 0x2f, 0x45, 0x4e, 0x43, 0x2e, 0x42, 0x4e, 0x5f,
  0x31, 0x2f, 0x62, 0x61, 0x74, 0x63, 0x68, 0x6e, 0x6f, 0x72, 0x6d, 0x2f, 0x73, 0x75, 0x62, 0x00, 0x04, 0x00, 0x00, 0x00,
  0x01, 0x00, 0x00, 0x00, 0x01, 0x00, 0x00, 0x00, 0xfa, 0x00, 0x00, 0x00, 0x01, 0x00, 0x00, 0x00, 0x62, 0xd8, 0xff, 0xff,
  0x00, 0x00, 0x00, 0x01, 0x14, 0x00, 0x00, 0x00, 0x34, 0x00, 0x00, 0x00, 0x27, 0x00, 0x00, 0x00, 0x00, 0x00, 0x00, 0x09,
  0x4c, 0x00, 0x00, 0x00, 0x44, 0xd9, 0xff, 0xff, 0x08, 0x00, 0x00, 0x00, 0x14, 0x00, 0x00, 0x00, 0x01, 0x00, 0x00, 0x00,
  0xf5, 0xff, 0xff, 0xff, 0xff, 0xff, 0xff, 0xff, 0x00, 0x00, 0x00, 0x00, 0x01, 0x00, 0x00, 0x00, 0x4d, 0x41, 0x9e, 0x3d,
  0x1e, 0x00, 0x00, 0x00, 0x66, 0x75, 0x6e, 0x63, 0x74, 0x69, 0x6f, 0x6e, 0x61, 0x6c, 0x5f, 0x31, 0x2f, 0x72, 0x65, 0x73,
  0x68, 0x61, 0x70, 0x65, 0x5f, 0x31, 0x2f, 0x52, 0x65, 0x73, 0x68, 0x61, 0x70, 0x65, 0x00, 0x00, 0x04, 0x00, 0x00, 0x00,
  0x01, 0x00, 0x00, 0x00, 0x01, 0x00, 0x00, 0x00, 0xfa, 0x00, 0x00, 0x00, 0x01, 0x00, 0x00, 0x00, 0xda, 0xd8, 0xff, 0xff,
  0x00, 0x00, 0x00, 0x01, 0x14, 0x00, 0x00, 0x00, 0x34, 0x00, 0x00, 0x00, 0x26, 0x00, 0x00, 0x00, 0x00, 0x00, 0x00, 0x09,
  0x3c, 0x00, 0x00, 0x00, 0xbc, 0xd9, 0xff, 0xff, 0x08, 0x00, 0x00, 0x00, 0x14, 0x00, 0x00, 0x00, 0x01, 0x00, 0x00, 0x00,
  0xf5, 0xff, 0xff, 0xff, 0xff, 0xff, 0xff, 0xff, 0x00, 0x00, 0x00, 0x00, 0x01, 0x00, 0x00, 0x00, 0x4d, 0x41, 0x9e, 0x3d,
  0x0c, 0x00, 0x00, 0x00, 0x74, 0x66, 0x6c, 0x2e, 0x71, 0x75, 0x61, 0x6e, 0x74, 0x69, 0x7a, 0x65, 0x00, 0x00, 0x00, 0x00,
  0x03, 0x00, 0x00, 0x00, 0x01, 0x00, 0x00, 0x00, 0xfa, 0x00, 0x00, 0x00, 0x01, 0x00, 0x00, 0x00, 0x3e, 0xd9, 0xff, 0xff,
  0x00, 0x00, 0x00, 0x01, 0x14, 0x00, 0x00, 0x00, 0x34, 0x00, 0x00, 0x00, 0x25, 0x00, 0x00, 0x00, 0x00, 0x00, 0x00, 0x09,
  0x40, 0x00, 0x00, 0x00, 0xa2, 0xe8, 0xff, 0xff, 0x03, 0x00, 0x00, 0x00, 0x08, 0x00, 0x00, 0x00, 0x10, 0x00, 0x00, 0x00,
  0x01, 0x00, 0x00, 0x00, 0x00, 0x00, 0x00, 0x00, 0x00, 0x00, 0x00, 0x00, 0x01, 0x00, 0x00, 0x00, 0x5f, 0x8c, 0x5d, 0x3b,
  0x13, 0x00, 0x00, 0x00, 0x74, 0x66, 0x6c, 0x2e, 0x70, 0x73, 0x65, 0x75, 0x64, 0x6f, 0x5f, 0x71, 0x63, 0x6f, 0x6e, 0x73,
  0x74, 0x33, 0x32, 0x00, 0x04, 0x00, 0x00, 0x00, 0x01, 0x00, 0x00, 0x00, 0x01, 0x00, 0x00, 0x00, 0x07, 0x00, 0x00, 0x00,
  0x01, 0x00, 0x00, 0x00, 0xaa, 0xd9, 0xff, 0xff, 0x00, 0x00, 0x00, 0x01, 0x14, 0x00, 0x00, 0x00, 0x30, 0x00, 0x00, 0x00,
  0x24, 0x00, 0x00, 0x00, 0x00, 0x00, 0x00, 0x02, 0x3c, 0x00, 0x00, 0x00, 0x8c, 0xda, 0xff, 0xff, 0x08, 0x00, 0x00, 0x00,
  0x10, 0x00, 0x00, 0x00, 0x01, 0x00, 0x00, 0x00, 0x00, 0x00, 0x00, 0x00, 0x00, 0x00, 0x00, 0x00, 0x01, 0x00, 0x00, 0x00,
  0x26, 0xf5, 0x88, 0x39, 0x13, 0x00, 0x00, 0x00, 0x74, 0x66, 0x6c, 0x2e, 0x70, 0x73, 0x65, 0x75, 0x64, 0x6f, 0x5f, 0x71,
  0x63, 0x6f, 0x6e, 0x73, 0x74, 0x33, 0x31, 0x00, 0x01, 0x00, 0x00, 0x00, 0x01, 0x00, 0x00, 0x00, 0x06, 0xda, 0xff, 0xff,
  0x00, 0x00, 0x00, 0x01, 0x14, 0x00, 0x00, 0x00, 0x34, 0x00, 0x00, 0x00, 0x23, 0x00, 0x00, 0x00, 0x00, 0x00, 0x00, 0x09,
  0x40, 0x00, 0x00, 0x00, 0x6a, 0xe9, 0xff, 0xff, 0x03, 0x00, 0x00, 0x00, 0x08, 0x00, 0x00, 0x00, 0x10, 0x00, 0x00, 0x00,
  0x01, 0x00, 0x00, 0x00, 0x00, 0x00, 0x00, 0x00, 0x00, 0x00, 0x00, 0x00, 0x01, 0x00, 0x00, 0x00, 0x89, 0x31, 0x2c, 0x3a,
  0x13, 0x00, 0x00, 0x00, 0x74, 0x66, 0x6c, 0x2e, 0x70, 0x73, 0x65, 0x75, 0x64, 0x6f, 0x5f, 0x71, 0x63, 0x6f, 0x6e, 0x73,
  0x74, 0x33, 0x30, 0x00, 0x04, 0x00, 0x00, 0x00, 0x01, 0x00, 0x00, 0x00, 0x01, 0x00, 0x00, 0x00, 0x07, 0x00, 0x00, 0x00,
  0x01, 0x00, 0x00, 0x00, 0x72, 0xda, 0xff, 0xff, 0x00, 0x00, 0x00, 0x01, 0x14, 0x00, 0x00, 0x00, 0x34, 0x00, 0x00, 0x00,
  0x22, 0x00, 0x00, 0x00, 0x00, 0x00, 0x00, 0x02, 0x40, 0x00, 0x00, 0x00, 0x54, 0xdb, 0xff, 0xff, 0x08, 0x00, 0x00, 0x00,
  0x14, 0x00, 0x00, 0x00, 0x01, 0x00, 0x00, 0x00, 0x00, 0x00, 0x00, 0x00, 0x00, 0x00, 0x00, 0x00, 0x00, 0x00, 0x00, 0x00,
  0x01, 0x00, 0x00, 0x00, 0x28, 0x0d, 0xed, 0x37, 0x13, 0x00, 0x00, 0x00, 0x74, 0x66, 0x6c, 0x2e, 0x70, 0x73, 0x65, 0x75,
  0x64, 0x6f, 0x5f, 0x71, 0x63, 0x6f, 0x6e, 0x73, 0x74, 0x32, 0x39, 0x00, 0x01, 0x00, 0x00, 0x00, 0x01, 0x00, 0x00, 0x00,
  0xd2, 0xda, 0xff, 0xff, 0x00, 0x00, 0x00, 0x01, 0x14, 0x00, 0x00, 0x00, 0xe8, 0x00, 0x00, 0x00, 0x21, 0x00, 0x00, 0x00,
  0x00, 0x00, 0x00, 0x09, 0xf4, 0x00, 0x00, 0x00, 0xb4, 0xdb, 0xff, 0xff, 0x08, 0x00, 0x00, 0x00, 0x8c, 0x00, 0x00, 0x00,
  0x10, 0x00, 0x00, 0x00, 0x00, 0x00, 0x00, 0x00, 0x00, 0x00, 0x00, 0x00, 0x00, 0x00, 0x00, 0x00, 0x00, 0x00, 0x00, 0x00,
  0x00, 0x00, 0x00, 0x00, 0x00, 0x00, 0x00, 0x00, 0x00, 0x00, 0x00, 0x00, 0x00, 0x00, 0x00, 0x00, 0x00, 0x00, 0x00, 0x00,
  0x00, 0x00, 0x00, 0x00, 0x00, 0x00, 0x00, 0x00, 0x00, 0x00, 0x00, 0x00, 0x00, 0x00, 0x00, 0x00, 0x00, 0x00, 0x00, 0x00,
  0x00, 0x00, 0x00, 0x00, 0x00, 0x00, 0x00, 0x00, 0x00, 0x00, 0x00, 0x00, 0x00, 0x00, 0x00, 0x00, 0x00, 0x00, 0x00, 0x00,
  0x00, 0x00, 0x00, 0x00, 0x00, 0x00, 0x00, 0x00, 0x00, 0x00, 0x00, 0x00, 0x00, 0x00, 0x00, 0x00, 0x00, 0x00, 0x00, 0x00,
  0x00, 0x00, 0x00, 0x00, 0x00, 0x00, 0x00, 0x00, 0x00, 0x00, 0x00, 0x00, 0x00, 0x00, 0x00, 0x00, 0x00, 0x00, 0x00, 0x00,
  0x00, 0x00, 0x00, 0x00, 0x00, 0x00, 0x00, 0x00, 0x00, 0x00, 0x00, 0x00, 0x00, 0x00, 0x00, 0x00, 0x10, 0x00, 0x00, 0x00,
  0xd6, 0x75, 0xaa, 0x3c, 0xd6, 0x4d, 0xbe, 0x3c, 0xfd, 0x95, 0x90, 0x3c, 0xa2, 0xdb, 0x90, 0x3c, 0x78, 0x67, 0xac, 0x3c,
  0xd8, 0x5c, 0x03, 0x3d, 0xf5, 0x26, 0x87, 0x3c, 0x20, 0xee, 0x79, 0x3c, 0x77, 0x6d, 0x9d, 0x3c, 0x52, 0x0b, 0x4d, 0x3c,
  0x3b, 0xca, 0x6c, 0x3c, 0xbb, 0xe5, 0x0f, 0x3d, 0x09, 0xcc, 0x20, 0x3d, 0xc1, 0xdc, 0xc9, 0x3c, 0xaf, 0x88, 0x6b, 0x3c,
  0xc8, 0x84, 0xee, 0x3c, 0x13, 0x00, 0x00, 0x00, 0x74, 0x66, 0x6c, 0x2e, 0x70, 0x73, 0x65, 0x75, 0x64, 0x6f, 0x5f, 0x71,
  0x63, 0x6f, 0x6e, 0x73, 0x74, 0x32, 0x38, 0x00, 0x04, 0x00, 0x00, 0x00, 0x10, 0x00, 0x00, 0x00, 0x01, 0x00, 0x00, 0x00,
  0x01, 0x00, 0x00, 0x00, 0x01, 0x00, 0x00, 0x00, 0xf2, 0xdb, 0xff, 0xff, 0x00, 0x00, 0x00, 0x01, 0x14, 0x00, 0x00, 0x00,
  0xe8, 0x00, 0x00, 0x00, 0x20, 0x00, 0x00, 0x00, 0x00, 0x00, 0x00, 0x02, 0xf4, 0x00, 0x00, 0x00, 0xd4, 0xdc, 0xff, 0xff,
  0x08, 0x00, 0x00, 0x00, 0x8c, 0x00, 0x00, 0x00, 0x10, 0x00, 0x00, 0x00, 0x00, 0x00, 0x00, 0x00, 0x00, 0x00, 0x00, 0x00,
  0x00, 0x00, 0x00, 0x00, 0x00, 0x00, 0x00, 0x00, 0x00, 0x00, 0x00, 0x00, 0x00, 0x00, 0x00, 0x00, 0x00, 0x00, 0x00, 0x00,
  0x00, 0x00, 0x00, 0x00, 0x00, 0x00, 0x00, 0x00, 0x00, 0x00, 0x00, 0x00, 0x00, 0x00, 0x00, 0x00, 0x00, 0x00, 0x00, 0x00,
  0x00, 0x00, 0x00, 0x00, 0x00, 0x00, 0x00, 0x00, 0x00, 0x00, 0x00, 0x00, 0x00, 0x00, 0x00, 0x00, 0x00, 0x00, 0x00, 0x00,
  0x00, 0x00, 0x00, 0x00, 0x00, 0x00, 0x00, 0x00, 0x00, 0x00, 0x00, 0x00, 0x00, 0x00, 0x00, 0x00, 0x00, 0x00, 0x00, 0x00,
  0x00, 0x00, 0x00, 0x00, 0x00, 0x00, 0x00, 0x00, 0x00, 0x00, 0x00, 0x00, 0x00, 0x00, 0x00, 0x00, 0x00, 0x00, 0x00, 0x00,
  0x00, 0x00, 0x00, 0x00, 0x00, 0x00, 0x00, 0x00, 0x00, 0x00, 0x00, 0x00, 0x00, 0x00, 0x00, 0x00, 0x00, 0x00, 0x00, 0x00,
  0x00, 0x00, 0x00, 0x00, 0x10, 0x00, 0x00, 0x00, 0x38, 0xd0, 0xd0, 0x38, 0x34, 0x1f, 0xe9, 0x38, 0x07, 0x1e, 0xb1, 0x38,
  0x57, 0x73, 0xb1, 0x38, 0xd2, 0x31, 0xd3, 0x38, 0x3c, 0xeb, 0x20, 0x39, 0x9f, 0x8f, 0xa5, 0x38, 0xf5, 0x14, 0x99, 0x38,
  0x2d, 0xd9, 0xc0, 0x38, 0xb6, 0x2d, 0x7b, 0x38, 0x94, 0x08, 0x91, 0x38, 0x1c, 0x46, 0x30, 0x39, 0xd2, 0xf9, 0x44, 0x39,
  0xdf, 0x47, 0xf7, 0x38, 0xa1, 0x43, 0x90, 0x38, 0xa3, 0x17, 0x12, 0x39, 0x13, 0x00, 0x00, 0x00, 0x74, 0x66, 0x6c, 0x2e,
  0x70, 0x73, 0x65, 0x75, 0x64, 0x6f, 0x5f, 0x71, 0x63, 0x6f, 0x6e, 0x73, 0x74, 0x32, 0x37, 0x00, 0x01, 0x00, 0x00, 0x00,
  0x10, 0x00, 0x00, 0x00, 0x06, 0xdd, 0xff, 0xff, 0x00, 0x00, 0x00, 0x01, 0x14, 0x00, 0x00, 0x00, 0xec, 0x00, 0x00, 0x00,
  0x1f, 0x00, 0x00, 0x00, 0x00, 0x00, 0x00, 0x09, 0xf8, 0x00, 0x00, 0x00, 0x6a, 0xec, 0xff, 0xff, 0x03, 0x00, 0x00, 0x00,
  0x08, 0x00, 0x00, 0x00, 0x8c, 0x00, 0x00, 0x00, 0x10, 0x00, 0x00, 0x00, 0x00, 0x00, 0x00, 0x00, 0x00, 0x00, 0x00, 0x00,
  0x00, 0x00, 0x00, 0x00, 0x00, 0x00, 0x00, 0x00, 0x00, 0x00, 0x00, 0x00, 0x00, 0x00, 0x00, 0x00, 0x00, 0x00, 0x00, 0x00,
  0x00, 0x00, 0x00, 0x00, 0x00, 0x00, 0x00, 0x00, 0x00, 0x00, 0x00, 0x00, 0x00, 0x00, 0x00, 0x00, 0x00, 0x00, 0x00, 0x00,
  0x00, 0x00, 0x00, 0x00, 0x00, 0x00, 0x00, 0x00, 0x00, 0x00, 0x00, 0x00, 0x00, 0x00, 0x00, 0x00, 0x00, 0x00, 0x00, 0x00,
  0x00, 0x00, 0x00, 0x00, 0x00, 0x00, 0x00, 0x00, 0x00, 0x00, 0x00, 0x00, 0x00, 0x00, 0x00, 0x00, 0x00, 0x00, 0x00, 0x00,
  0x00, 0x00, 0x00, 0x00, 0x00, 0x00, 0x00, 0x00, 0x00, 0x00, 0x00, 0x00, 0x00, 0x00, 0x00, 0x00, 0x00, 0x00, 0x00, 0x00,
  0x00, 0x00, 0x00, 0x00, 0x00, 0x00, 0x00, 0x00, 0x00, 0x00, 0x00, 0x00, 0x00, 0x00, 0x00, 0x00, 0x00, 0x00, 0x00, 0x00,
  0x00, 0x00, 0x00, 0x00, 0x10, 0x00, 0x00, 0x00, 0x76, 0x34, 0xb3, 0x3c, 0x3d, 0x5c, 0x7f, 0x3c, 0x14, 0x23, 0x01, 0x3d,
  0x5b, 0x5d, 0xaf, 0x3c, 0xfc, 0x80, 0x0d, 0x3d, 0x37, 0x69, 0xdf, 0x3c, 0x0e, 0xd1, 0xfc, 0x3c, 0x52, 0x40, 0xdb, 0x3c,
  0xe8, 0x76, 0xb5, 0x3c, 0x9f, 0xde, 0xc2, 0x3c, 0x57, 0xb4, 0xd3, 0x3c, 0x3f, 0x92, 0x70, 0x3c, 0x06, 0x10, 0x6a, 0x3c,
  0x9a, 0x12, 0xcc, 0x3c, 0xa1, 0x4c, 0x12, 0x3d, 0xdf, 0xee, 0xb6, 0x3c, 0x13, 0x00, 0x00, 0x00, 0x74, 0x66, 0x6c, 0x2e,
  0x70, 0x73, 0x65, 0x75, 0x64, 0x6f, 0x5f, 0x71, 0x63, 0x6f, 0x6e, 0x73, 0x74, 0x32, 0x36, 0x00, 0x04, 0x00, 0x00, 0x00,
  0x01, 0x00, 0x00, 0x00, 0x01, 0x00, 0x00, 0x00, 0x07, 0x00, 0x00, 0x00, 0x10, 0x00, 0x00, 0x00, 0x2a, 0xde, 0xff, 0xff,
  0x00, 0x00, 0x00, 0x01, 0x14, 0x00, 0x00, 0x00, 0xe4, 0x00, 0x00, 0x00, 0x1e, 0x00, 0x00, 0x00, 0x00, 0x00, 0x00, 0x02,
  0xf0, 0x00, 0x00, 0x00, 0x0c, 0xdf, 0xff, 0xff, 0x08, 0x00, 0x00, 0x00, 0x88, 0x00, 0x00, 0x00, 0x10, 0x00, 0x00, 0x00,
  0x00, 0x00, 0x00, 0x00, 0x00, 0x00, 0x00, 0x00, 0x00, 0x00, 0x00, 0x00, 0x00, 0x00, 0x00, 0x00, 0x00, 0x00, 0x00, 0x00,
  0x00, 0x00, 0x00, 0x00, 0x00, 0x00, 0x00, 0x00, 0x00, 0x00, 0x00, 0x00, 0x00, 0x00, 0x00, 0x00, 0x00, 0x00, 0x00, 0x00,
  0x00, 0x00, 0x00, 0x00, 0x00, 0x00, 0x00, 0x00, 0x00, 0x00, 0x00, 0x00, 0x00, 0x00, 0x00, 0x00, 0x00, 0x00, 0x00, 0x00,
  0x00, 0x00, 0x00, 0x00, 0x00, 0x00, 0x00, 0x00, 0x00, 0x00, 0x00, 0x00, 0x00, 0x00, 0x00, 0x00, 0x00, 0x00, 0x00, 0x00,
  0x00, 0x00, 0x00, 0x00, 0x00, 0x00, 0x00, 0x00, 0x00, 0x00, 0x00, 0x00, 0x00, 0x00, 0x00, 0x00, 0x00, 0x00, 0x00, 0x00,
  0x00, 0x00, 0x00, 0x00, 0x00, 0x00, 0x00, 0x00, 0x00, 0x00, 0x00, 0x00, 0x00, 0x00, 0x00, 0x00, 0x00, 0x00, 0x00, 0x00,
  0x00, 0x00, 0x00, 0x00, 0x00, 0x00, 0x00, 0x00, 0x10, 0x00, 0x00, 0x00, 0xb6, 0x08, 0x79, 0x39, 0x9d, 0x6e, 0x31, 0x39,
  0xe6, 0x74, 0xb3, 0x39, 0x87, 0xb2, 0x73, 0x39, 0x6f, 0xa4, 0xc4, 0x39, 0x94, 0x3b, 0x9b, 0x39, 0x26, 0xaa, 0xaf, 0x39,
  0xa8, 0x57, 0x98, 0x39, 0x8e, 0x2c, 0x7c, 0x39, 0xbc, 0x66, 0x87, 0x39, 0x42, 0x19, 0x93, 0x39, 0xfd, 0x27, 0x27, 0x39,
  0x3f, 0xa2, 0x22, 0x39, 0xbe, 0xcb, 0x8d, 0x39, 0x71, 0x4e, 0xcb, 0x39, 0x04, 0x37, 0x7e, 0x39, 0x13, 0x00, 0x00, 0x00,
  0x74, 0x66, 0x6c, 0x2e, 0x70, 0x73, 0x65, 0x75, 0x64, 0x6f, 0x5f, 0x71, 0x63, 0x6f, 0x6e, 0x73, 0x74, 0x32, 0x35, 0x00,
  0x01, 0x00, 0x00, 0x00, 0x10, 0x00, 0x00, 0x00, 0x3a, 0xdf, 0xff, 0xff, 0x00, 0x00, 0x00, 0x01, 0x14, 0x00, 0x00, 0x00,
  0x58, 0x00, 0x00, 0x00, 0x1d, 0x00, 0x00, 0x00, 0x00, 0x00, 0x00, 0x09, 0x64, 0x00, 0x00, 0x00, 0x1c, 0xe0, 0xff, 0xff,
  0x08, 0x00, 0x00, 0x00, 0x2c, 0x00, 0x00, 0x00, 0x04, 0x00, 0x00, 0x00, 0x00, 0x00, 0x00, 0x00, 0x00, 0x00, 0x00, 0x00,
  0x00, 0x00, 0x00, 0x00, 0x00, 0x00, 0x00, 0x00, 0x00, 0x00, 0x00, 0x00, 0x00, 0x00, 0x00, 0x00, 0x00, 0x00, 0x00, 0x00,
  0x00, 0x00, 0x00, 0x00, 0x00, 0x00, 0x00, 0x00, 0x04, 0x00, 0x00, 0x00, 0x06, 0xc3, 0x01, 0x3c, 0x28, 0x37, 0xa0, 0x3b,
  0xb6, 0x29, 0xfb, 0x3b, 0x7e, 0xae, 0x8d, 0x3b, 0x13, 0x00, 0x00, 0x00, 0x74, 0x66, 0x6c, 0x2e, 0x70, 0x73, 0x65, 0x75,
  0x64, 0x6f, 0x5f, 0x71, 0x63, 0x6f, 0x6e, 0x73, 0x74, 0x32, 0x34, 0x00, 0x04, 0x00, 0x00, 0x00, 0x04, 0x00, 0x00, 0x00,
  0x01, 0x00, 0x00, 0x00, 0x01, 0x00, 0x00, 0x00, 0x10, 0x00, 0x00, 0x00, 0xca, 0xdf, 0xff, 0xff, 0x00, 0x00, 0x00, 0x01,
  0x14, 0x00, 0x00, 0x00, 0x54, 0x00, 0x00, 0x00, 0x1c, 0x00, 0x00, 0x00, 0x00, 0x00, 0x00, 0x02, 0x60, 0x00, 0x00, 0x00,
  0xac, 0xe0, 0xff, 0xff, 0x08, 0x00, 0x00, 0x00, 0x28, 0x00, 0x00, 0x00, 0x04, 0x00, 0x00, 0x00, 0x00, 0x00, 0x00, 0x00,
  0x00, 0x00, 0x00, 0x00, 0x00, 0x00, 0x00, 0x00, 0x00, 0x00, 0x00, 0x00, 0x00, 0x00, 0x00, 0x00, 0x00, 0x00, 0x00, 0x00,
  0x00, 0x00, 0x00, 0x00, 0x00, 0x00, 0x00, 0x00, 0x04, 0x00, 0x00, 0x00, 0x8f, 0xab, 0xf8, 0x37, 0xdf, 0x83, 0x99, 0x37,
  0xbb, 0xa8, 0xf0, 0x37, 0xa2, 0xc1, 0x87, 0x37, 0x13, 0x00, 0x00, 0x00, 0x74, 0x66, 0x6c, 0x2e, 0x70, 0x73, 0x65, 0x75,
  0x64, 0x6f, 0x5f, 0x71, 0x63, 0x6f, 0x6e, 0x73, 0x74, 0x32, 0x33, 0x00, 0x01, 0x00, 0x00, 0x00, 0x04, 0x00, 0x00, 0x00,
  0x4a, 0xe0, 0xff, 0xff, 0x00, 0x00, 0x00, 0x01, 0x14, 0x00, 0x00, 0x00, 0xe8, 0x00, 0x00, 0x00, 0x1b, 0x00, 0x00, 0x00,
  0x00, 0x00, 0x00, 0x09, 0xf4, 0x00, 0x00, 0x00, 0x2c, 0xe1, 0xff, 0xff, 0x08, 0x00, 0x00, 0x00, 0x8c, 0x00, 0x00, 0x00,
  0x10, 0x00, 0x00, 0x00, 0x00, 0x00, 0x00, 0x00, 0x00, 0x00, 0x00, 0x00, 0x00, 0x00, 0x00, 0x00, 0x00, 0x00, 0x00, 0x00,
  0x00, 0x00, 0x00, 0x00, 0x00, 0x00, 0x00, 0x00, 0x00, 0x00, 0x00, 0x00, 0x00, 0x00, 0x00, 0x00, 0x00, 0x00, 0x00, 0x00,
  0x00, 0x00, 0x00, 0x00, 0x00, 0x00, 0x00, 0x00, 0x00, 0x00, 0x00, 0x00, 0x00, 0x00, 0x00, 0x00, 0x00, 0x00, 0x00, 0x00,
  0x00, 0x00, 0x00, 0x00, 0x00, 0x00, 0x00, 0x00, 0x00, 0x00, 0x00, 0x00, 0x00, 0x00, 0x00, 0x00, 0x00, 0x00, 0x00, 0x00,
  0x00, 0x00, 0x00, 0x00, 0x00, 0x00, 0x00, 0x00, 0x00, 0x00, 0x00, 0x00, 0x00, 0x00, 0x00, 0x00, 0x00, 0x00, 0x00, 0x00,
  0x00, 0x00, 0x00, 0x00, 0x00, 0x00, 0x00, 0x00, 0x00, 0x00, 0x00, 0x00, 0x00, 0x00, 0x00, 0x00, 0x00, 0x00, 0x00, 0x00,
  0x00, 0x00, 0x00, 0x00, 0x00, 0x00, 0x00, 0x00, 0x00, 0x00, 0x00, 0x00, 0x00, 0x00, 0x00, 0x00, 0x10, 0x00, 0x00, 0x00,
  0x19, 0xd8, 0x74, 0x3b, 0x1a, 0xab, 0xbd, 0x3b, 0xad, 0x83, 0x97, 0x3b, 0xdf, 0x02, 0x4f, 0x3b, 0x13, 0x49, 0x61, 0x3b,
  0xbc, 0x9a, 0x13, 0x3c, 0x1e, 0x97, 0xf1, 0x3a, 0x2f, 0x56, 0xc4, 0x3b, 0x4e, 0x79, 0x28, 0x3b, 0x86, 0x4f, 0x0a, 0x3c,
  0x46, 0x96, 0xda, 0x3b, 0x20, 0xe3, 0x59, 0x3b, 0x21, 0x5f, 0x11, 0x3c, 0xf6, 0xae, 0xc4, 0x3b, 0x62, 0xc2, 0x84, 0x3b,
  0xd9, 0x70, 0x52, 0x3c, 0x13, 0x00, 0x00, 0x00, 0x74, 0x66, 0x6c, 0x2e, 0x70, 0x73, 0x65, 0x75, 0x64, 0x6f, 0x5f, 0x71,
  0x63, 0x6f, 0x6e, 0x73, 0x74, 0x32, 0x32, 0x00, 0x04, 0x00, 0x00, 0x00, 0x10, 0x00, 0x00, 0x00, 0x01, 0x00, 0x00, 0x00,
  0x01, 0x00, 0x00, 0x00, 0x04, 0x00, 0x00, 0x00, 0x6a, 0xe1, 0xff, 0xff, 0x00, 0x00, 0x00, 0x01, 0x14, 0x00, 0x00, 0x00,
  0xe4, 0x00, 0x00, 0x00, 0x1a, 0x00, 0x00, 0x00, 0x00, 0x00, 0x00, 0x02, 0xf0, 0x00, 0x00, 0x00, 0x4c, 0xe2, 0xff, 0xff,
  0x08, 0x00, 0x00, 0x00, 0x88, 0x00, 0x00, 0x00, 0x10, 0x00, 0x00, 0x00, 0x00, 0x00, 0x00, 0x00, 0x00, 0x00, 0x00, 0x00,
  0x00, 0x00, 0x00, 0x00, 0x00, 0x00, 0x00, 0x00, 0x00, 0x00, 0x00, 0x00, 0x00, 0x00, 0x00, 0x00, 0x00, 0x00, 0x00, 0x00,
  0x00, 0x00, 0x00, 0x00, 0x00, 0x00, 0x00, 0x00, 0x00, 0x00, 0x00, 0x00, 0x00, 0x00, 0x00, 0x00, 0x00, 0x00, 0x00, 0x00,
  0x00, 0x00, 0x00, 0x00, 0x00, 0x00, 0x00, 0x00, 0x00, 0x00, 0x00, 0x00, 0x00, 0x00, 0x00, 0x00, 0x00, 0x00, 0x00, 0x00,
  0x00, 0x00, 0x00, 0x00, 0x00, 0x00, 0x00, 0x00, 0x00, 0x00, 0x00, 0x00, 0x00, 0x00, 0x00, 0x00, 0x00, 0x00, 0x00, 0x00,
  0x00, 0x00, 0x00, 0x00, 0x00, 0x00, 0x00, 0x00, 0x00, 0x00, 0x00, 0x00, 0x00, 0x00, 0x00, 0x00, 0x00, 0x00, 0x00, 0x00,
  0x00, 0x00, 0x00, 0x00, 0x00, 0x00, 0x00, 0x00, 0x00, 0x00, 0x00, 0x00, 0x00, 0x00, 0x00, 0x00, 0x00, 0x00, 0x00, 0x00,
  0x10, 0x00, 0x00, 0x00, 0x19, 0xb5, 0xcd, 0x37, 0xe4, 0x59, 0x1f, 0x38, 0x72, 0x97, 0xfe, 0x37, 0xfe, 0xeb, 0xad, 0x37,
  0x6a, 0x46, 0xbd, 0x37, 0x8d, 0x05, 0x78, 0x38, 0x44, 0xf9, 0x4a, 0x37, 0x1b, 0xf4, 0x24, 0x38, 0x5f, 0x8b, 0x8d, 0x37,
  0xbb, 0x67, 0x68, 0x38, 0xb7, 0xa5, 0x37, 0x38, 0x33, 0x0f, 0xb7, 0x37, 0x13, 0x45, 0x74, 0x38, 0xb1, 0x3e, 0x25, 0x38,
  0xc5, 0x13, 0xdf, 0x37, 0xa1, 0xcd, 0xb0, 0x38, 0x13, 0x00, 0x00, 0x00, 0x74, 0x66, 0x6c, 0x2e, 0x70, 0x73, 0x65, 0x75,
  0x64, 0x6f, 0x5f, 0x71, 0x63, 0x6f, 0x6e, 0x73, 0x74, 0x32, 0x31, 0x00, 0x01, 0x00, 0x00, 0x00, 0x10, 0x00, 0x00, 0x00,
  0x7a, 0xe2, 0xff, 0xff, 0x00, 0x00, 0x00, 0x01, 0x14, 0x00, 0x00, 0x00, 0x30, 0x00, 0x00, 0x00, 0x19, 0x00, 0x00, 0x00,
  0x00, 0x00, 0x00, 0x09, 0x3c, 0x00, 0x00, 0x00, 0x5c, 0xe3, 0xff, 0xff, 0x08, 0x00, 0x00, 0x00, 0x10, 0x00, 0x00, 0x00,
  0x01, 0x00, 0x00, 0x00, 0x80, 0xff, 0xff, 0xff, 0xff, 0xff, 0xff, 0xff, 0x01, 0x00, 0x00, 0x00, 0x01, 0x56, 0x2b, 0x3a,
  0x13, 0x00, 0x00, 0x00, 0x74, 0x66, 0x6c, 0x2e, 0x70, 0x73, 0x65, 0x75, 0x64, 0x6f, 0x5f, 0x71, 0x63, 0x6f, 0x6e, 0x73,
  0x74, 0x32, 0x30, 0x00, 0x00, 0x00, 0x00, 0x00, 0xd2, 0xe2, 0xff, 0xff, 0x00, 0x00, 0x00, 0x01, 0x14, 0x00, 0x00, 0x00,
  0x48, 0x01, 0x00, 0x00, 0x18, 0x00, 0x00, 0x00, 0x00, 0x00, 0x00, 0x09, 0x54, 0x01, 0x00, 0x00, 0xb4, 0xe3, 0xff, 0xff,
  0x08, 0x00, 0x00, 0x00, 0xcc, 0x00, 0x00, 0x00, 0x18, 0x00, 0x00, 0x00, 0x00, 0x00, 0x00, 0x00, 0x00, 0x00, 0x00, 0x00,
  0x00, 0x00, 0x00, 0x00, 0x00, 0x00, 0x00, 0x00, 0x00, 0x00, 0x00, 0x00, 0x00, 0x00, 0x00, 0x00, 0x00, 0x00, 0x00, 0x00,
  0x00, 0x00, 0x00, 0x00, 0x00, 0x00, 0x00, 0x00, 0x00, 0x00, 0x00, 0x00, 0x00, 0x00, 0x00, 0x00, 0x00, 0x00, 0x00, 0x00,
  0x00, 0x00, 0x00, 0x00, 0x00, 0x00, 0x00, 0x00, 0x00, 0x00, 0x00, 0x00, 0x00, 0x00, 0x00, 0x00, 0x00, 0x00, 0x00, 0x00,
  0x00, 0x00, 0x00, 0x00, 0x00, 0x00, 0x00, 0x00, 0x00, 0x00, 0x00, 0x00, 0x00, 0x00, 0x00, 0x00, 0x00, 0x00, 0x00, 0x00,
  0x00, 0x00, 0x00, 0x00, 0x00, 0x00, 0x00, 0x00, 0x00, 0x00, 0x00, 0x00, 0x00, 0x00, 0x00, 0x00, 0x00, 0x00, 0x00, 0x00,
  0x00, 0x00, 0x00, 0x00, 0x00, 0x00, 0x00, 0x00, 0x00, 0x00, 0x00, 0x00, 0x00, 0x00, 0x00, 0x00, 0x00, 0x00, 0x00, 0x00,
  0x00, 0x00, 0x00, 0x00, 0x00, 0x00, 0x00, 0x00, 0x00, 0x00, 0x00, 0x00, 0x00, 0x00, 0x00, 0x00, 0x00, 0x00, 0x00, 0x00,
  0x00, 0x00, 0x00, 0x00, 0x00, 0x00, 0x00, 0x00, 0x00, 0x00, 0x00, 0x00, 0x00, 0x00, 0x00, 0x00, 0x00, 0x00, 0x00, 0x00,
  0x00, 0x00, 0x00, 0x00, 0x00, 0x00, 0x00, 0x00, 0x00, 0x00, 0x00, 0x00, 0x00, 0x00, 0x00, 0x00, 0x00, 0x00, 0x00, 0x00,
  0x00, 0x00, 0x00, 0x00, 0x00, 0x00, 0x00, 0x00, 0x18, 0x00, 0x00, 0x00, 0x3f, 0xc6, 0x27, 0x3c, 0x75, 0xc7, 0x41, 0x3c,
  0x81, 0x90, 0x46, 0x3c, 0x2f, 0x21, 0xaf, 0x3c, 0xc1, 0xb4, 0x34, 0x3c, 0x99, 0xa1, 0x40, 0x3c, 0x94, 0x77, 0x21, 0x3c,
  0xb0, 0xe0, 0x29, 0x3c, 0x87, 0x65, 0x6d, 0x3c, 0xd5, 0xb1, 0xa2, 0x3c, 0xde, 0x2e, 0xc2, 0x3b, 0x8b, 0xa6, 0x84, 0x3c,
  0xdf, 0x40, 0x33, 0x3c, 0x8a, 0x04, 0x83, 0x3c, 0x8e, 0xb0, 0x53, 0x3c, 0x87, 0x65, 0xcf, 0x3c, 0x39, 0xbd, 0x56, 0x3c,
  0xd2, 0x93, 0x31, 0x3c, 0xc7, 0x1b, 0x53, 0x3c, 0x55, 0x9e, 0x0d, 0x3c, 0xba, 0xdc, 0x1d, 0x3c, 0x73, 0xc4, 0x4e, 0x3c,
  0x42, 0xe8, 0x0d, 0x3c, 0x3d, 0x16, 0x8b, 0x3c, 0x13, 0x00, 0x00, 0x00, 0x74, 0x66, 0x6c, 0x2e, 0x70, 0x73, 0x65, 0x75,
  0x64, 0x6f, 0x5f, 0x71, 0x63, 0x6f, 0x6e, 0x73, 0x74, 0x31, 0x39, 0x00, 0x04, 0x00, 0x00, 0x00, 0x18, 0x00, 0x00, 0x00,
  0x01, 0x00, 0x00, 0x00, 0x01, 0x00, 0x00, 0x00, 0x10, 0x00, 0x00, 0x00, 0x52, 0xe4, 0xff, 0xff, 0x00, 0x00, 0x00, 0x01,
  0x14, 0x00, 0x00, 0x00, 0x48, 0x01, 0x00, 0x00, 0x17, 0x00, 0x00, 0x00, 0x00, 0x00, 0x00, 0x02, 0x54, 0x01, 0x00, 0x00,
  0x34, 0xe5, 0xff, 0xff, 0x08, 0x00, 0x00, 0x00, 0xcc, 0x00, 0x00, 0x00, 0x18, 0x00, 0x00, 0x00, 0x00, 0x00, 0x00, 0x00,
  0x00, 0x00, 0x00, 0x00, 0x00, 0x00, 0x00, 0x00, 0x00, 0x00, 0x00, 0x00, 0x00, 0x00, 0x00, 0x00, 0x00, 0x00, 0x00, 0x00,
  0x00, 0x00, 0x00, 0x00, 0x00, 0x00, 0x00, 0x00, 0x00, 0x00, 0x00, 0x00, 0x00, 0x00, 0x00, 0x00, 0x00, 0x00, 0x00, 0x00,
  0x00, 0x00, 0x00, 0x00, 0x00, 0x00, 0x00, 0x00, 0x00, 0x00, 0x00, 0x00, 0x00, 0x00, 0x00, 0x00, 0x00, 0x00, 0x00, 0x00,
  0x00, 0x00, 0x00, 0x00, 0x00, 0x00, 0x00, 0x00, 0x00, 0x00, 0x00, 0x00, 0x00, 0x00, 0x00, 0x00, 0x00, 0x00, 0x00, 0x00,
  0x00, 0x00, 0x00, 0x00, 0x00, 0x00, 0x00, 0x00, 0x00, 0x00, 0x00, 0x00, 0x00, 0x00, 0x00, 0x00, 0x00, 0x00, 0x00, 0x00,
  0x00, 0x00, 0x00, 0x00, 0x00, 0x00, 0x00, 0x00, 0x00, 0x00, 0x00, 0x00, 0x00, 0x00, 0x00, 0x00, 0x00, 0x00, 0x00, 0x00,
  0x00, 0x00, 0x00, 0x00, 0x00, 0x00, 0x00, 0x00, 0x00, 0x00, 0x00, 0x00, 0x00, 0x00, 0x00, 0x00, 0x00, 0x00, 0x00, 0x00,
  0x00, 0x00, 0x00, 0x00, 0x00, 0x00, 0x00, 0x00, 0x00, 0x00, 0x00, 0x00, 0x00, 0x00, 0x00, 0x00, 0x00, 0x00, 0x00, 0x00,
  0x00, 0x00, 0x00, 0x00, 0x00, 0x00, 0x00, 0x00, 0x00, 0x00, 0x00, 0x00, 0x00, 0x00, 0x00, 0x00, 0x00, 0x00, 0x00, 0x00,
  0x00, 0x00, 0x00, 0x00, 0x00, 0x00, 0x00, 0x00, 0x00, 0x00, 0x00, 0x00, 0x18, 0x00, 0x00, 0x00, 0x0f, 0x25, 0x10, 0x39,
  0xa8, 0x7c, 0x26, 0x39, 0x2b, 0x99, 0x2a, 0x39, 0xcd, 0x76, 0x96, 0x39, 0x4f, 0x41, 0x1b, 0x39, 0x30, 0x80, 0x25, 0x39,
  0xce, 0xb9, 0x0a, 0x39, 0xaa, 0xf3, 0x11, 0x39, 0x14, 0xf6, 0x4b, 0x39, 0xcc, 0xc7, 0x8b, 0x39, 0x81, 0xd5, 0xa6, 0x38,
  0x87, 0xef, 0x63, 0x39, 0xce, 0x01, 0x1a, 0x39, 0x43, 0x21, 0x61, 0x39, 0xfb, 0xdf, 0x35, 0x39, 0xbe, 0x2f, 0xb2, 0x39,
  0xb3, 0x7e, 0x38, 0x39, 0x2e, 0x91, 0x18, 0x39, 0x29, 0x60, 0x35, 0x39, 0x6b, 0x58, 0xf3, 0x38, 0xee, 0xa0, 0x07, 0x39,
  0x5a, 0xa5, 0x31, 0x39, 0x72, 0xd7, 0xf3, 0x38, 0xca, 0xfe, 0x6e, 0x39, 0x13, 0x00, 0x00, 0x00, 0x74, 0x66, 0x6c, 0x2e,
  0x70, 0x73, 0x65, 0x75, 0x64, 0x6f, 0x5f, 0x71, 0x63, 0x6f, 0x6e, 0x73, 0x74, 0x31, 0x38, 0x00, 0x01, 0x00, 0x00, 0x00,
  0x18, 0x00, 0x00, 0x00, 0xc6, 0xe5, 0xff, 0xff, 0x00, 0x00, 0x00, 0x01, 0x14, 0x00, 0x00, 0x00, 0x4c, 0x01, 0x00, 0x00,
  0x16, 0x00, 0x00, 0x00, 0x00, 0x00, 0x00, 0x09, 0x58, 0x01, 0x00, 0x00, 0x2a, 0xf5, 0xff, 0xff, 0x03, 0x00, 0x00, 0x00,
  0x08, 0x00, 0x00, 0x00, 0xcc, 0x00, 0x00, 0x00, 0x18, 0x00, 0x00, 0x00, 0x00, 0x00, 0x00, 0x00, 0x00, 0x00, 0x00, 0x00,
  0x00, 0x00, 0x00, 0x00, 0x00, 0x00, 0x00, 0x00, 0x00, 0x00, 0x00, 0x00, 0x00, 0x00, 0x00, 0x00, 0x00, 0x00, 0x00, 0x00,
  0x00, 0x00, 0x00, 0x00, 0x00, 0x00, 0x00, 0x00, 0x00, 0x00, 0x00, 0x00, 0x00, 0x00, 0x00, 0x00, 0x00, 0x00, 0x00, 0x00,
  0x00, 0x00, 0x00, 0x00, 0x00, 0x00, 0x00, 0x00, 0x00, 0x00, 0x00, 0x00, 0x00, 0x00, 0x00, 0x00, 0x00, 0x00, 0x00, 0x00,
  0x00, 0x00, 0x00, 0x00, 0x00, 0x00, 0x00, 0x00, 0x00, 0x00, 0x00, 0x00, 0x00, 0x00, 0x00, 0x00, 0x00, 0x00, 0x00, 0x00,
  0x00, 0x00, 0x00, 0x00, 0x00, 0x00, 0x00, 0x00, 0x00, 0x00, 0x00, 0x00, 0x00, 0x00, 0x00, 0x00, 0x00, 0x00, 0x00, 0x00,
  0x00, 0x00, 0x00, 0x00, 0x00, 0x00, 0x00, 0x00, 0x00, 0x00, 0x00, 0x00, 0x00, 0x00, 0x00, 0x00, 0x00, 0x00, 0x00, 0x00,
  0x00, 0x00, 0x00, 0x00, 0x00, 0x00, 0x00, 0x00, 0x00, 0x00, 0x00, 0x00, 0x00, 0x00, 0x00, 0x00, 0x00, 0x00, 0x00, 0x00,
  0x00, 0x00, 0x00, 0x00, 0x00, 0x00, 0x00, 0x00, 0x00, 0x00, 0x00, 0x00, 0x00, 0x00, 0x00, 0x00, 0x00, 0x00, 0x00, 0x00,
  0x00, 0x00, 0x00, 0x00, 0x00, 0x00, 0x00, 0x00, 0x00, 0x00, 0x00, 0x00, 0x00, 0x00, 0x00, 0x00, 0x00, 0x00, 0x00, 0x00,
  0x00, 0x00, 0x00, 0x00, 0x00, 0x00, 0x00, 0x00, 0x18, 0x00, 0x00, 0x00, 0x0f, 0x3d, 0x64, 0x3c, 0x0a, 0x4a, 0x3d, 0x3c,
  0x1d, 0x1d, 0x84, 0x3c, 0x17, 0x74, 0xfc, 0x3b, 0x75, 0xe3, 0x39, 0x3c, 0x19, 0xfd, 0xe1, 0x3b, 0x4d, 0xe7, 0x5d, 0x3c,
  0xeb, 0xcd, 0x7c, 0x3c, 0x1c, 0xf4, 0x2e, 0x3c, 0xca, 0x23, 0x14, 0x3c, 0x2a, 0xce, 0x25, 0x3c, 0xfa, 0xa9, 0x3f, 0x3c,
  0xf1, 0x81, 0x52, 0x3c, 0x9e, 0x73, 0x3e, 0x3c, 0xc8, 0xa1, 0x21, 0x3c, 0x4f, 0x88, 0x1e, 0x3c, 0xb5, 0x43, 0xff, 0x3b,
  0x7d, 0x99, 0x81, 0x3c, 0x60, 0xbe, 0x25, 0x3c, 0x12, 0xee, 0x45, 0x3c, 0xb5, 0x99, 0x35, 0x3c, 0x74, 0xb8, 0x29, 0x3c,
  0x8a, 0x65, 0x58, 0x3c, 0x63, 0xd6, 0x1b, 0x3c, 0x13, 0x00, 0x00, 0x00, 0x74, 0x66, 0x6c, 0x2e, 0x70, 0x73, 0x65, 0x75,
  0x64, 0x6f, 0x5f, 0x71, 0x63, 0x6f, 0x6e, 0x73, 0x74, 0x31, 0x37, 0x00, 0x04, 0x00, 0x00, 0x00, 0x01, 0x00, 0x00, 0x00,
  0x01, 0x00, 0x00, 0x00, 0x07, 0x00, 0x00, 0x00, 0x18, 0x00, 0x00, 0x00, 0x4a, 0xe7, 0xff, 0xff, 0x00, 0x00, 0x00, 0x01,
  0x14, 0x00, 0x00, 0x00, 0x44, 0x01, 0x00, 0x00, 0x15, 0x00, 0x00, 0x00, 0x00, 0x00, 0x00, 0x02, 0x50, 0x01, 0x00, 0x00,
  0x2c, 0xe8, 0xff, 0xff, 0x08, 0x00, 0x00, 0x00, 0xc8, 0x00, 0x00, 0x00, 0x18, 0x00, 0x00, 0x00, 0x00, 0x00, 0x00, 0x00,
  0x00, 0x00, 0x00, 0x00, 0x00, 0x00, 0x00, 0x00, 0x00, 0x00, 0x00, 0x00, 0x00, 0x00, 0x00, 0x00, 0x00, 0x00, 0x00, 0x00,
  0x00, 0x00, 0x00, 0x00, 0x00, 0x00, 0x00, 0x00, 0x00, 0x00, 0x00, 0x00, 0x00, 0x00, 0x00, 0x00, 0x00, 0x00, 0x00, 0x00,
  0x00, 0x00, 0x00, 0x00, 0x00, 0x00, 0x00, 0x00, 0x00, 0x00, 0x00, 0x00, 0x00, 0x00, 0x00, 0x00, 0x00, 0x00, 0x00, 0x00,
  0x00, 0x00, 0x00, 0x00, 0x00, 0x00, 0x00, 0x00, 0x00, 0x00, 0x00, 0x00, 0x00, 0x00, 0x00, 0x00, 0x00, 0x00, 0x00, 0x00,
  0x00, 0x00, 0x00, 0x00, 0x00, 0x00, 0x00, 0x00, 0x00, 0x00, 0x00, 0x00, 0x00, 0x00, 0x00, 0x00, 0x00, 0x00, 0x00, 0x00,
  0x00, 0x00, 0x00, 0x00, 0x00, 0x00, 0x00, 0x00, 0x00, 0x00, 0x00, 0x00, 0x00, 0x00, 0x00, 0x00, 0x00, 0x00, 0x00, 0x00,
  0x00, 0x00, 0x00, 0x00, 0x00, 0x00, 0x00, 0x00, 0x00, 0x00, 0x00, 0x00, 0x00, 0x00, 0x00, 0x00, 0x00, 0x00, 0x00, 0x00,
  0x00, 0x00, 0x00, 0x00, 0x00, 0x00, 0x00, 0x00, 0x00, 0x00, 0x00, 0x00, 0x00, 0x00, 0x00, 0x00, 0x00, 0x00, 0x00, 0x00,
  0x00, 0x00, 0x00, 0x00, 0x00, 0x00, 0x00, 0x00, 0x00, 0x00, 0x00, 0x00, 0x00, 0x00, 0x00, 0x00, 0x00, 0x00, 0x00, 0x00,
  0x00, 0x00, 0x00, 0x00, 0x00, 0x00, 0x00, 0x00, 0x18, 0x00, 0x00, 0x00, 0xa5, 0xd9, 0xab, 0x39, 0x0e, 0x86, 0x8e, 0x39,
  0x9e, 0xf2, 0xc6, 0x39, 0x27, 0x15, 0x3e, 0x39, 0x8e, 0xf6, 0x8b, 0x39, 0xfb, 0x27, 0x2a, 0x39, 0x8f, 0x14, 0xa7, 0x39,
  0xc9, 0x58, 0xbe, 0x39, 0xd0, 0xba, 0x83, 0x39, 0xc4, 0x14, 0x5f, 0x39, 0xee, 0xae, 0x79, 0x39, 0xcb, 0x4f, 0x90, 0x39,
  0xf5, 0x7f, 0x9e, 0x39, 0x1d, 0x66, 0x8f, 0x39, 0x12, 0x66, 0x73, 0x39, 0x32, 0xbb, 0x6e, 0x39, 0xfb, 0x32, 0x40, 0x39,
  0x65, 0x29, 0xc3, 0x39, 0x27, 0x97, 0x79, 0x39, 0x95, 0x07, 0x95, 0x39, 0x04, 0xbc, 0x88, 0x39, 0x43, 0x94, 0x7f, 0x39,
  0x17, 0xef, 0xa2, 0x39, 0x41, 0xac, 0x6a, 0x39, 0x13, 0x00, 0x00, 0x00, 0x74, 0x66, 0x6c, 0x2e, 0x70, 0x73, 0x65, 0x75,
  0x64, 0x6f, 0x5f, 0x71, 0x63, 0x6f, 0x6e, 0x73, 0x74, 0x31, 0x36, 0x00, 0x01, 0x00, 0x00, 0x00, 0x18, 0x00, 0x00, 0x00,
  0xba, 0xe8, 0xff, 0xff, 0x00, 0x00, 0x00, 0x01, 0x14, 0x00, 0x00, 0x00, 0x70, 0x00, 0x00, 0x00, 0x14, 0x00, 0x00, 0x00,
  0x00, 0x00, 0x00, 0x09, 0x7c, 0x00, 0x00, 0x00, 0x9c, 0xe9, 0xff, 0xff, 0x08, 0x00, 0x00, 0x00, 0x3c, 0x00, 0x00, 0x00,
  0x06, 0x00, 0x00, 0x00, 0x00, 0x00, 0x00, 0x00, 0x00, 0x00, 0x00, 0x00, 0x00, 0x00, 0x00, 0x00, 0x00, 0x00, 0x00, 0x00,
  0x00, 0x00, 0x00, 0x00, 0x00, 0x00, 0x00, 0x00, 0x00, 0x00, 0x00, 0x00, 0x00, 0x00, 0x00, 0x00, 0x00, 0x00, 0x00, 0x00,
  0x00, 0x00, 0x00, 0x00, 0x00, 0x00, 0x00, 0x00, 0x00, 0x00, 0x00, 0x00, 0x00, 0x00, 0x00, 0x00, 0x06, 0x00, 0x00, 0x00,
  0xe0, 0x04, 0xf3, 0x3b, 0x9d, 0x21, 0x4f, 0x3b, 0x83, 0x4d, 0x6f, 0x3b, 0x29, 0xa3, 0xc1, 0x3b, 0xe1, 0x63, 0x8e, 0x3b,
  0xdb, 0x84, 0x8a, 0x3b, 0x13, 0x00, 0x00, 0x00, 0x74, 0x66, 0x6c, 0x2e, 0x70, 0x73, 0x65, 0x75, 0x64, 0x6f, 0x5f, 0x71,
  0x63, 0x6f, 0x6e, 0x73, 0x74, 0x31, 0x35, 0x00, 0x04, 0x00, 0x00, 0x00, 0x06, 0x00, 0x00, 0x00, 0x01, 0x00, 0x00, 0x00,
  0x01, 0x00, 0x00, 0x00, 0x18, 0x00, 0x00, 0x00, 0x62, 0xe9, 0xff, 0xff, 0x00, 0x00, 0x00, 0x01, 0x14, 0x00, 0x00, 0x00,
  0x6c, 0x00, 0x00, 0x00, 0x13, 0x00, 0x00, 0x00, 0x00, 0x00, 0x00, 0x02, 0x78, 0x00, 0x00, 0x00, 0x44, 0xea, 0xff, 0xff,
  0x08, 0x00, 0x00, 0x00, 0x38, 0x00, 0x00, 0x00, 0x06, 0x00, 0x00, 0x00, 0x00, 0x00, 0x00, 0x00, 0x00, 0x00, 0x00, 0x00,
  0x00, 0x00, 0x00, 0x00, 0x00, 0x00, 0x00, 0x00, 0x00, 0x00, 0x00, 0x00, 0x00, 0x00, 0x00, 0x00, 0x00, 0x00, 0x00, 0x00,
  0x00, 0x00, 0x00, 0x00, 0x00, 0x00, 0x00, 0x00, 0x00, 0x00, 0x00, 0x00, 0x00, 0x00, 0x00, 0x00, 0x00, 0x00, 0x00, 0x00,
  0x06, 0x00, 0x00, 0x00, 0xff, 0x71, 0x1a, 0x38, 0x3d, 0xa3, 0x83, 0x37, 0x61, 0x15, 0x98, 0x37, 0xad, 0x1f, 0xf6, 0x37,
  0x59, 0xfc, 0xb4, 0x37, 0xb4, 0x10, 0xb0, 0x37, 0x13, 0x00, 0x00, 0x00, 0x74, 0x66, 0x6c, 0x2e, 0x70, 0x73, 0x65, 0x75,
  0x64, 0x6f, 0x5f, 0x71, 0x63, 0x6f, 0x6e, 0x73, 0x74, 0x31, 0x34, 0x00, 0x01, 0x00, 0x00, 0x00, 0x06, 0x00, 0x00, 0x00,
  0xfa, 0xe9, 0xff, 0xff, 0x00, 0x00, 0x00, 0x01, 0x14, 0x00, 0x00, 0x00, 0x48, 0x01, 0x00, 0x00, 0x12, 0x00, 0x00, 0x00,
  0x00, 0x00, 0x00, 0x09, 0x54, 0x01, 0x00, 0x00, 0xdc, 0xea, 0xff, 0xff, 0x08, 0x00, 0x00, 0x00, 0xcc, 0x00, 0x00, 0x00,
  0x18, 0x00, 0x00, 0x00, 0x00, 0x00, 0x00, 0x00, 0x00, 0x00, 0x00, 0x00, 0x00, 0x00, 0x00, 0x00, 0x00, 0x00, 0x00, 0x00,
  0x00, 0x00, 0x00, 0x00, 0x00, 0x00, 0x00, 0x00, 0x00, 0x00, 0x00, 0x00, 0x00, 0x00, 0x00, 0x00, 0x00, 0x00, 0x00, 0x00,
  0x00, 0x00, 0x00, 0x00, 0x00, 0x00, 0x00, 0x00, 0x00, 0x00, 0x00, 0x00, 0x00, 0x00, 0x00, 0x00, 0x00, 0x00, 0x00, 0x00,
  0x00, 0x00, 0x00, 0x00, 0x00, 0x00, 0x00, 0x00, 0x00, 0x00, 0x00, 0x00, 0x00, 0x00, 0x00, 0x00, 0x00, 0x00, 0x00, 0x00,
  0x00, 0x00, 0x00, 0x00, 0x00, 0x00, 0x00, 0x00, 0x00, 0x00, 0x00, 0x00, 0x00, 0x00, 0x00, 0x00, 0x00, 0x00, 0x00, 0x00,
  0x00, 0x00, 0x00, 0x00, 0x00, 0x00, 0x00, 0x00, 0x00, 0x00, 0x00, 0x00, 0x00, 0x00, 0x00, 0x00, 0x00, 0x00, 0x00, 0x00,
  0x00, 0x00, 0x00, 0x00, 0x00, 0x00, 0x00, 0x00, 0x00, 0x00, 0x00, 0x00, 0x00, 0x00, 0x00, 0x00, 0x00, 0x00, 0x00, 0x00,
  0x00, 0x00, 0x00, 0x00, 0x00, 0x00, 0x00, 0x00, 0x00, 0x00, 0x00, 0x00, 0x00, 0x00, 0x00, 0x00, 0x00, 0x00, 0x00, 0x00,
  0x00, 0x00, 0x00, 0x00, 0x00, 0x00, 0x00, 0x00, 0x00, 0x00, 0x00, 0x00, 0x00, 0x00, 0x00, 0x00, 0x00, 0x00, 0x00, 0x00,
  0x00, 0x00, 0x00, 0x00, 0x00, 0x00, 0x00, 0x00, 0x00, 0x00, 0x00, 0x00, 0x00, 0x00, 0x00, 0x00, 0x00, 0x00, 0x00, 0x00,
  0x18, 0x00, 0x00, 0x00, 0xf2, 0xdb, 0xb8, 0x3b, 0x28, 0x83, 0x36, 0x3c, 0x21, 0x84, 0x92, 0x3b, 0xb6, 0xc3, 0x6f, 0x3b,
  0xd8, 0x4a, 0x4b, 0x3c, 0x23, 0xea, 0x28, 0x3b, 0xd4, 0xc2, 0x16, 0x3c, 0x9a, 0x95, 0x3f, 0x3b, 0x87, 0x86, 0x56, 0x3b,
  0xcc, 0x03, 0x87, 0x3b, 0xdd, 0x9a, 0xd4, 0x3b, 0x59, 0x91, 0x1a, 0x3b, 0xec, 0xa6, 0x0a, 0x3b, 0xf7, 0xc1, 0x25, 0x3b,
  0x49, 0xc4, 0xe9, 0x3b, 0x66, 0xbe, 0xcb, 0x3b, 0xb2, 0xd8, 0xd7, 0x3b, 0xca, 0xbd, 0x59, 0x3b, 0x39, 0x1a, 0xa2, 0x3b,
  0xba, 0xb9, 0xbf, 0x3b, 0x46, 0x3a, 0xda, 0x3b, 0x64, 0x85, 0x13, 0x3c, 0x93, 0x30, 0x21, 0x3b, 0x5b, 0xd8, 0xf4, 0x3b,
  0x13, 0x00, 0x00, 0x00, 0x74, 0x66, 0x6c, 0x2e, 0x70, 0x73, 0x65, 0x75, 0x64, 0x6f, 0x5f, 0x71, 0x63, 0x6f, 0x6e, 0x73,
  0x74, 0x31, 0x33, 0x00, 0x04, 0x00, 0x00, 0x00, 0x18, 0x00, 0x00, 0x00, 0x01, 0x00, 0x00, 0x00, 0x01, 0x00, 0x00, 0x00,
  0x06, 0x00, 0x00, 0x00, 0x7a, 0xeb, 0xff, 0xff, 0x00, 0x00, 0x00, 0x01, 0x14, 0x00, 0x00, 0x00, 0x44, 0x01, 0x00, 0x00,
  0x11, 0x00, 0x00, 0x00, 0x00, 0x00, 0x00, 0x02, 0x50, 0x01, 0x00, 0x00, 0x5c, 0xec, 0xff, 0xff, 0x08, 0x00, 0x00, 0x00,
  0xc8, 0x00, 0x00, 0x00, 0x18, 0x00, 0x00, 0x00, 0x00, 0x00, 0x00, 0x00, 0x00, 0x00, 0x00, 0x00, 0x00, 0x00, 0x00, 0x00,
  0x00, 0x00, 0x00, 0x00, 0x00, 0x00, 0x00, 0x00, 0x00, 0x00, 0x00, 0x00, 0x00, 0x00, 0x00, 0x00, 0x00, 0x00, 0x00, 0x00,
  0x00, 0x00, 0x00, 0x00, 0x00, 0x00, 0x00, 0x00, 0x00, 0x00, 0x00, 0x00, 0x00, 0x00, 0x00, 0x00, 0x00, 0x00, 0x00, 0x00,
  0x00, 0x00, 0x00, 0x00, 0x00, 0x00, 0x00, 0x00, 0x00, 0x00, 0x00, 0x00, 0x00, 0x00, 0x00, 0x00, 0x00, 0x00, 0x00, 0x00,
  0x00, 0x00, 0x00, 0x00, 0x00, 0x00, 0x00, 0x00, 0x00, 0x00, 0x00, 0x00, 0x00, 0x00, 0x00, 0x00, 0x00, 0x00, 0x00, 0x00,
  0x00, 0x00, 0x00, 0x00, 0x00, 0x00, 0x00, 0x00, 0x00, 0x00, 0x00, 0x00, 0x00, 0x00, 0x00, 0x00, 0x00, 0x00, 0x00, 0x00,
  0x00, 0x00, 0x00, 0x00, 0x00, 0x00, 0x00, 0x00, 0x00, 0x00, 0x00, 0x00, 0x00, 0x00, 0x00, 0x00, 0x00, 0x00, 0x00, 0x00,
  0x00, 0x00, 0x00, 0x00, 0x00, 0x00, 0x00, 0x00, 0x00, 0x00, 0x00, 0x00, 0x00, 0x00, 0x00, 0x00, 0x00, 0x00, 0x00, 0x00,
  0x00, 0x00, 0x00, 0x00, 0x00, 0x00, 0x00, 0x00, 0x00, 0x00, 0x00, 0x00, 0x00, 0x00, 0x00, 0x00, 0x00, 0x00, 0x00, 0x00,
  0x00, 0x00, 0x00, 0x00, 0x00, 0x00, 0x00, 0x00, 0x00, 0x00, 0x00, 0x00, 0x00, 0x00, 0x00, 0x00, 0x00, 0x00, 0x00, 0x00,
  0x18, 0x00, 0x00, 0x00, 0x33, 0x95, 0x18, 0x38, 0x4f, 0xa5, 0x96, 0x38, 0x72, 0xde, 0xf1, 0x37, 0xd6, 0xe6, 0xc5, 0x37,
  0x2e, 0xcc, 0xa7, 0x38, 0x13, 0x6c, 0x8b, 0x37, 0x5f, 0xe0, 0x78, 0x38, 0x42, 0x22, 0x9e, 0x37, 0xc6, 0x11, 0xb1, 0x37,
  0xf1, 0xe1, 0xde, 0x37, 0xf4, 0x7b, 0x2f, 0x38, 0x1b, 0x29, 0x7f, 0x37, 0x0b, 0xe3, 0x64, 0x37, 0x02, 0xd1, 0x88, 0x37,
  0x7e, 0xf3, 0x40, 0x38, 0x8f, 0x2b, 0x28, 0x38, 0xe5, 0x28, 0x32, 0x38, 0x4b, 0xb9, 0xb3, 0x37, 0xa6, 0xcc, 0x05, 0x38,
  0x13, 0x40, 0x1e, 0x38, 0x0b, 0x20, 0x34, 0x38, 0x22, 0x87, 0x73, 0x38, 0xcb, 0x0b, 0x85, 0x37, 0x63, 0x18, 0x4a, 0x38,
  0x13, 0x00, 0x00, 0x00, 0x74, 0x66, 0x6c, 0x2e, 0x70, 0x73, 0x65, 0x75, 0x64, 0x6f, 0x5f, 0x71, 0x63, 0x6f, 0x6e, 0x73,
  0x74, 0x31, 0x32, 0x00, 0x01, 0x00, 0x00, 0x00, 0x18, 0x00, 0x00, 0x00, 0xea, 0xec, 0xff, 0xff, 0x00, 0x00, 0x00, 0x01,
  0x14, 0x00, 0x00, 0x00, 0xa8, 0x01, 0x00, 0x00, 0x10, 0x00, 0x00, 0x00, 0x00, 0x00, 0x00, 0x09, 0xb4, 0x01, 0x00, 0x00,
  0xcc, 0xed, 0xff, 0xff, 0x08, 0x00, 0x00, 0x00, 0x0c, 0x01, 0x00, 0x00, 0x20, 0x00, 0x00, 0x00, 0x00, 0x00, 0x00, 0x00,
  0x00, 0x00, 0x00, 0x00, 0x00, 0x00, 0x00, 0x00, 0x00, 0x00, 0x00, 0x00, 0x00, 0x00, 0x00, 0x00, 0x00, 0x00, 0x00, 0x00,
  0x00, 0x00, 0x00, 0x00, 0x00, 0x00, 0x00, 0x00, 0x00, 0x00, 0x00, 0x00, 0x00, 0x00, 0x00, 0x00, 0x00, 0x00, 0x00, 0x00,
  0x00, 0x00, 0x00, 0x00, 0x00, 0x00, 0x00, 0x00, 0x00, 0x00, 0x00, 0x00, 0x00, 0x00, 0x00, 0x00, 0x00, 0x00, 0x00, 0x00,
  0x00, 0x00, 0x00, 0x00, 0x00, 0x00, 0x00, 0x00, 0x00, 0x00, 0x00, 0x00, 0x00, 0x00, 0x00, 0x00, 0x00, 0x00, 0x00, 0x00,
  0x00, 0x00, 0x00, 0x00, 0x00, 0x00, 0x00, 0x00, 0x00, 0x00, 0x00, 0x00, 0x00, 0x00, 0x00, 0x00, 0x00, 0x00, 0x00, 0x00,
  0x00, 0x00, 0x00, 0x00, 0x00, 0x00, 0x00, 0x00, 0x00, 0x00, 0x00, 0x00, 0x00, 0x00, 0x00, 0x00, 0x00, 0x00, 0x00, 0x00,
  0x00, 0x00, 0x00, 0x00, 0x00, 0x00, 0x00, 0x00, 0x00, 0x00, 0x00, 0x00, 0x00, 0x00, 0x00, 0x00, 0x00, 0x00, 0x00, 0x00,
  0x00, 0x00, 0x00, 0x00, 0x00, 0x00, 0x00, 0x00, 0x00, 0x00, 0x00, 0x00, 0x00, 0x00, 0x00, 0x00, 0x00, 0x00, 0x00, 0x00,
  0x00, 0x00, 0x00, 0x00, 0x00, 0x00, 0x00, 0x00, 0x00, 0x00, 0x00, 0x00, 0x00, 0x00, 0x00, 0x00, 0x00, 0x00, 0x00, 0x00,
  0x00, 0x00, 0x00, 0x00, 0x00, 0x00, 0x00, 0x00, 0x00, 0x00, 0x00, 0x00, 0x00, 0x00, 0x00, 0x00, 0x00, 0x00, 0x00, 0x00,
  0x00, 0x00, 0x00, 0x00, 0x00, 0x00, 0x00, 0x00, 0x00, 0x00, 0x00, 0x00, 0x00, 0x00, 0x00, 0x00, 0x00, 0x00, 0x00, 0x00,
  0x00, 0x00, 0x00, 0x00, 0x00, 0x00, 0x00, 0x00, 0x00, 0x00, 0x00, 0x00, 0x00, 0x00, 0x00, 0x00, 0x00, 0x00, 0x00, 0x00,
  0x00, 0x00, 0x00, 0x00, 0x00, 0x00, 0x00, 0x00, 0x00, 0x00, 0x00, 0x00, 0x00, 0x00, 0x00, 0x00, 0x20, 0x00, 0x00, 0x00,
  0x7f, 0x81, 0xc1, 0x3b, 0x85, 0x40, 0x12, 0x3c, 0x23, 0x1b, 0xe9, 0x3b, 0x3f, 0x27, 0x17, 0x3c, 0xad, 0x70, 0xb1, 0x3b,
  0x39, 0xa9, 0x08, 0x3c, 0x4f, 0x9c, 0x62, 0x3c, 0xb8, 0x33, 0x10, 0x3c, 0x8d, 0xce, 0x5b, 0x3c, 0xdf, 0x3f, 0x25, 0x3c,
  0xd1, 0x52, 0xd8, 0x3b, 0x0b, 0x96, 0x24, 0x3c, 0x15, 0xe8, 0x1b, 0x3c, 0xc7, 0x73, 0xc4, 0x3b, 0x32, 0x8a, 0x48, 0x3c,
  0x41, 0x05, 0x13, 0x3c, 0xec, 0xaa, 0x02, 0x3c, 0xb6, 0xe9, 0xf9, 0x3b, 0x57, 0x4b, 0x2d, 0x3c, 0xa1, 0x54, 0x0d, 0x3c,
  0xf8, 0xe0, 0xb8, 0x3b, 0x2f, 0xeb, 0x1a, 0x3c, 0x25, 0x50, 0x6d, 0x3c, 0x19, 0xfa, 0x38, 0x3c, 0x30, 0x12, 0x88, 0x3c,
  0xa4, 0x4b, 0x3f, 0x3c, 0xca, 0x76, 0xf0, 0x3b, 0xd2, 0xb4, 0x38, 0x3c, 0x63, 0x82, 0x13, 0x3c, 0xc7, 0x09, 0xeb, 0x3b,
  0x87, 0xde, 0x3b, 0x3c, 0x5d, 0x1d, 0xd8, 0x3b, 0x13, 0x00, 0x00, 0x00, 0x74, 0x66, 0x6c, 0x2e, 0x70, 0x73, 0x65, 0x75,
  0x64, 0x6f, 0x5f, 0x71, 0x63, 0x6f, 0x6e, 0x73, 0x74, 0x31, 0x31, 0x00, 0x04, 0x00, 0x00, 0x00, 0x20, 0x00, 0x00, 0x00,
  0x01, 0x00, 0x00, 0x00, 0x01, 0x00, 0x00, 0x00, 0x18, 0x00, 0x00, 0x00, 0xca, 0xee, 0xff, 0xff, 0x00, 0x00, 0x00, 0x01,
  0x14, 0x00, 0x00, 0x00, 0xa4, 0x01, 0x00, 0x00, 0x0f, 0x00, 0x00, 0x00, 0x00, 0x00, 0x00, 0x02, 0xb0, 0x01, 0x00, 0x00,
  0xac, 0xef, 0xff, 0xff, 0x08, 0x00, 0x00, 0x00, 0x08, 0x01, 0x00, 0x00, 0x20, 0x00, 0x00, 0x00, 0x00, 0x00, 0x00, 0x00,
  0x00, 0x00, 0x00, 0x00, 0x00, 0x00, 0x00, 0x00, 0x00, 0x00, 0x00, 0x00, 0x00, 0x00, 0x00, 0x00, 0x00, 0x00, 0x00, 0x00,
  0x00, 0x00, 0x00, 0x00, 0x00, 0x00, 0x00, 0x00, 0x00, 0x00, 0x00, 0x00, 0x00, 0x00, 0x00, 0x00, 0x00, 0x00, 0x00, 0x00,
  0x00, 0x00, 0x00, 0x00, 0x00, 0x00, 0x00, 0x00, 0x00, 0x00, 0x00, 0x00, 0x00, 0x00, 0x00, 0x00, 0x00, 0x00, 0x00, 0x00,
  0x00, 0x00, 0x00, 0x00, 0x00, 0x00, 0x00, 0x00, 0x00, 0x00, 0x00, 0x00, 0x00, 0x00, 0x00, 0x00, 0x00, 0x00, 0x00, 0x00,
  0x00, 0x00, 0x00, 0x00, 0x00, 0x00, 0x00, 0x00, 0x00, 0x00, 0x00, 0x00, 0x00, 0x00, 0x00, 0x00, 0x00, 0x00, 0x00, 0x00,
  0x00, 0x00, 0x00, 0x00, 0x00, 0x00, 0x00, 0x00, 0x00, 0x00, 0x00, 0x00, 0x00, 0x00, 0x00, 0x00, 0x00, 0x00, 0x00, 0x00,
  0x00, 0x00, 0x00, 0x00, 0x00, 0x00, 0x00, 0x00, 0x00, 0x00, 0x00, 0x00, 0x00, 0x00, 0x00, 0x00, 0x00, 0x00, 0x00, 0x00,
  0x00, 0x00, 0x00, 0x00, 0x00, 0x00, 0x00, 0x00, 0x00, 0x00, 0x00, 0x00, 0x00, 0x00, 0x00, 0x00, 0x00, 0x00, 0x00, 0x00,
  0x00, 0x00, 0x00, 0x00, 0x00, 0x00, 0x00, 0x00, 0x00, 0x00, 0x00, 0x00, 0x00, 0x00, 0x00, 0x00, 0x00, 0x00, 0x00, 0x00,
  0x00, 0x00, 0x00, 0x00, 0x00, 0x00, 0x00, 0x00, 0x00, 0x00, 0x00, 0x00, 0x00, 0x00, 0x00, 0x00, 0x00, 0x00, 0x00, 0x00,
  0x00, 0x00, 0x00, 0x00, 0x00, 0x00, 0x00, 0x00, 0x00, 0x00, 0x00, 0x00, 0x00, 0x00, 0x00, 0x00, 0x00, 0x00, 0x00, 0x00,
  0x00, 0x00, 0x00, 0x00, 0x00, 0x00, 0x00, 0x00, 0x00, 0x00, 0x00, 0x00, 0x00, 0x00, 0x00, 0x00, 0x00, 0x00, 0x00, 0x00,
  0x00, 0x00, 0x00, 0x00, 0x00, 0x00, 0x00, 0x00, 0x00, 0x00, 0x00, 0x00, 0x20, 0x00, 0x00, 0x00, 0xb0, 0xc7, 0xca, 0x38,
  0xf0, 0x42, 0x19, 0x39, 0x32, 0x47, 0xf4, 0x38, 0xcc, 0x65, 0x1e, 0x39, 0xc0, 0xf1, 0xb9, 0x38, 0xf7, 0x35, 0x0f, 0x39,
  0xac, 0x78, 0x6d, 0x39, 0xfc, 0x1c, 0x17, 0x39, 0x70, 0x57, 0x66, 0x39, 0x60, 0x2b, 0x2d, 0x39, 0xf7, 0xb0, 0xe2, 0x38,
  0x68, 0x79, 0x2c, 0x39, 0xf4, 0x60, 0x23, 0x39, 0x1e, 0xde, 0xcd, 0x38, 0xb0, 0x26, 0x52, 0x39, 0x1a, 0x11, 0x1a, 0x39,
  0x21, 0xee, 0x08, 0x39, 0xfd, 0xf1, 0x02, 0x39, 0x8c, 0x99, 0x35, 0x39, 0xaa, 0x1a, 0x14, 0x39, 0x50, 0xbd, 0xc1, 0x38,
  0xef, 0x57, 0x22, 0x39, 0xd2, 0xaf, 0x78, 0x39, 0xa5, 0xd7, 0x41, 0x39, 0xb1, 0x97, 0x8e, 0x39, 0xb6, 0x76, 0x48, 0x39,
  0x20, 0xfd, 0xfb, 0x38, 0x0c, 0x8f, 0x41, 0x39, 0x3b, 0x94, 0x1a, 0x39, 0x8b, 0x4d, 0xf6, 0x38, 0x8f, 0xdf, 0x44, 0x39,
  0xf3, 0x78, 0xe2, 0x38, 0x13, 0x00, 0x00, 0x00, 0x74, 0x66, 0x6c, 0x2e, 0x70, 0x73, 0x65, 0x75, 0x64, 0x6f, 0x5f, 0x71,
  0x63, 0x6f, 0x6e, 0x73, 0x74, 0x31, 0x30, 0x00, 0x01, 0x00, 0x00, 0x00, 0x20, 0x00, 0x00, 0x00, 0x9a, 0xf0, 0xff, 0xff,
  0x00, 0x00, 0x00, 0x01, 0x28, 0x00, 0x00, 0x00, 0xc0, 0x01, 0x00, 0x00, 0x0e, 0x00, 0x00, 0x00, 0x00, 0x00, 0x00, 0x09,
  0xcc, 0x01, 0x00, 0x00, 0x00, 0x00, 0x12, 0x00, 0x10, 0x00, 0x00, 0x00, 0x00, 0x00, 0x0c, 0x00, 0x08, 0x00, 0x00, 0x00,
  0x00, 0x00, 0x04, 0x00, 0x12, 0x00, 0x00, 0x00, 0x03, 0x00, 0x00, 0x00, 0x08, 0x00, 0x00, 0x00, 0x0c, 0x01, 0x00, 0x00,
  0x20, 0x00, 0x00, 0x00, 0x00, 0x00, 0x00, 0x00, 0x00, 0x00, 0x00, 0x00, 0x00, 0x00, 0x00, 0x00, 0x00, 0x00, 0x00, 0x00,
  0x00, 0x00, 0x00, 0x00, 0x00, 0x00, 0x00, 0x00, 0x00, 0x00, 0x00, 0x00, 0x00, 0x00, 0x00, 0x00, 0x00, 0x00, 0x00, 0x00,
  0x00, 0x00, 0x00, 0x00, 0x00, 0x00, 0x00, 0x00, 0x00, 0x00, 0x00, 0x00, 0x00, 0x00, 0x00, 0x00, 0x00, 0x00, 0x00, 0x00,
  0x00, 0x00, 0x00, 0x00, 0x00, 0x00, 0x00, 0x00, 0x00, 0x00, 0x00, 0x00, 0x00, 0x00, 0x00, 0x00, 0x00, 0x00, 0x00, 0x00,
  0x00, 0x00, 0x00, 0x00, 0x00, 0x00, 0x00, 0x00, 0x00, 0x00, 0x00, 0x00, 0x00, 0x00, 0x00, 0x00, 0x00, 0x00, 0x00, 0x00,
  0x00, 0x00, 0x00, 0x00, 0x00, 0x00, 0x00, 0x00, 0x00, 0x00, 0x00, 0x00, 0x00, 0x00, 0x00, 0x00, 0x00, 0x00, 0x00, 0x00,
  0x00, 0x00, 0x00, 0x00, 0x00, 0x00, 0x00, 0x00, 0x00, 0x00, 0x00, 0x00, 0x00, 0x00, 0x00, 0x00, 0x00, 0x00, 0x00, 0x00,
  0x00, 0x00, 0x00, 0x00, 0x00, 0x00, 0x00, 0x00, 0x00, 0x00, 0x00, 0x00, 0x00, 0x00, 0x00, 0x00, 0x00, 0x00, 0x00, 0x00,
  0x00, 0x00, 0x00, 0x00, 0x00, 0x00, 0x00, 0x00, 0x00, 0x00, 0x00, 0x00, 0x00, 0x00, 0x00, 0x00, 0x00, 0x00, 0x00, 0x00,
  0x00, 0x00, 0x00, 0x00, 0x00, 0x00, 0x00, 0x00, 0x00, 0x00, 0x00, 0x00, 0x00, 0x00, 0x00, 0x00, 0x00, 0x00, 0x00, 0x00,
  0x00, 0x00, 0x00, 0x00, 0x00, 0x00, 0x00, 0x00, 0x00, 0x00, 0x00, 0x00, 0x00, 0x00, 0x00, 0x00, 0x00, 0x00, 0x00, 0x00,
  0x00, 0x00, 0x00, 0x00, 0x00, 0x00, 0x00, 0x00, 0x00, 0x00, 0x00, 0x00, 0x00, 0x00, 0x00, 0x00, 0x00, 0x00, 0x00, 0x00,
  0x00, 0x00, 0x00, 0x00, 0x00, 0x00, 0x00, 0x00, 0x00, 0x00, 0x00, 0x00, 0x00, 0x00, 0x00, 0x00, 0x00, 0x00, 0x00, 0x00,
  0x00, 0x00, 0x00, 0x00, 0x20, 0x00, 0x00, 0x00, 0xc2, 0xbe, 0x8c, 0x3b, 0x75, 0xc1, 0x37, 0x3c, 0xd2, 0x8a, 0x10, 0x3c,
  0x51, 0x54, 0xc6, 0x3b, 0xa3, 0x9a, 0x2e, 0x3c, 0xae, 0x0e, 0x5f, 0x3c, 0xbf, 0x16, 0x10, 0x3c, 0xfd, 0x8f, 0x52, 0x3c,
  0x29, 0x44, 0x4b, 0x3c, 0x1e, 0x98, 0x36, 0x3c, 0xd0, 0xd1, 0x4d, 0x3c, 0xaf, 0x07, 0x43, 0x3c, 0x94, 0x56, 0x27, 0x3c,
  0xd7, 0x17, 0x35, 0x3c, 0x62, 0x43, 0xde, 0x3b, 0x99, 0x5a, 0x34, 0x3c, 0xa4, 0x68, 0xed, 0x3b, 0xe5, 0x4f, 0xd2, 0x3b,
  0x8a, 0xf7, 0xc6, 0x3b, 0x08, 0xd7, 0x4e, 0x3c, 0xf0, 0x42, 0xee, 0x3b, 0x70, 0x23, 0x1e, 0x3c, 0xfb, 0x96, 0x00, 0x3c,
  0xf8, 0xde, 0xb1, 0x3b, 0xd8, 0xf9, 0x04, 0x3c, 0xdf, 0xd9, 0xa1, 0x3b, 0x7c, 0x01, 0xa6, 0x3b, 0x67, 0xfe, 0xf0, 0x3b,
  0x9f, 0x64, 0x13, 0x3c, 0xb4, 0x8d, 0x17, 0x3c, 0x9c, 0xe5, 0x17, 0x3c, 0x5f, 0x9c, 0xce, 0x3b, 0x12, 0x00, 0x00, 0x00,
  0x74, 0x66, 0x6c, 0x2e, 0x70, 0x73, 0x65, 0x75, 0x64, 0x6f, 0x5f, 0x71, 0x63, 0x6f, 0x6e, 0x73, 0x74, 0x39, 0x00, 0x00,
  0x04, 0x00, 0x00, 0x00, 0x01, 0x00, 0x00, 0x00, 0x01, 0x00, 0x00, 0x00, 0x07, 0x00, 0x00, 0x00, 0x20, 0x00, 0x00, 0x00,
  0x92, 0xf2, 0xff, 0xff, 0x00, 0x00, 0x00, 0x01, 0x14, 0x00, 0x00, 0x00, 0xa4, 0x01, 0x00, 0x00, 0x0d, 0x00, 0x00, 0x00,
  0x00, 0x00, 0x00, 0x02, 0xb0, 0x01, 0x00, 0x00, 0x74, 0xf3, 0xff, 0xff, 0x08, 0x00, 0x00, 0x00, 0x08, 0x01, 0x00, 0x00,
  0x20, 0x00, 0x00, 0x00, 0x00, 0x00, 0x00, 0x00, 0x00, 0x00, 0x00, 0x00, 0x00, 0x00, 0x00, 0x00, 0x00, 0x00, 0x00, 0x00,
  0x00, 0x00, 0x00, 0x00, 0x00, 0x00, 0x00, 0x00, 0x00, 0x00, 0x00, 0x00, 0x00, 0x00, 0x00, 0x00, 0x00, 0x00, 0x00, 0x00,
  0x00, 0x00, 0x00, 0x00, 0x00, 0x00, 0x00, 0x00, 0x00, 0x00, 0x00, 0x00, 0x00, 0x00, 0x00, 0x00, 0x00, 0x00, 0x00, 0x00,
  0x00, 0x00, 0x00, 0x00, 0x00, 0x00, 0x00, 0x00, 0x00, 0x00, 0x00, 0x00, 0x00, 0x00, 0x00, 0x00, 0x00, 0x00, 0x00, 0x00,
  0x00, 0x00, 0x00, 0x00, 0x00, 0x00, 0x00, 0x00, 0x00, 0x00, 0x00, 0x00, 0x00, 0x00, 0x00, 0x00, 0x00, 0x00, 0x00, 0x00,
  0x00, 0x00, 0x00, 0x00, 0x00, 0x00, 0x00, 0x00, 0x00, 0x00, 0x00, 0x00, 0x00, 0x00, 0x00, 0x00, 0x00, 0x00, 0x00, 0x00,
  0x00, 0x00, 0x00, 0x00, 0x00, 0x00, 0x00, 0x00, 0x00, 0x00, 0x00, 0x00, 0x00, 0x00, 0x00, 0x00, 0x00, 0x00, 0x00, 0x00,
  0x00, 0x00, 0x00, 0x00, 0x00, 0x00, 0x00, 0x00, 0x00, 0x00, 0x00, 0x00, 0x00, 0x00, 0x00, 0x00, 0x00, 0x00, 0x00, 0x00,
  0x00, 0x00, 0x00, 0x00, 0x00, 0x00, 0x00, 0x00, 0x00, 0x00, 0x00, 0x00, 0x00, 0x00, 0x00, 0x00, 0x00, 0x00, 0x00, 0x00,
  0x00, 0x00, 0x00, 0x00, 0x00, 0x00, 0x00, 0x00, 0x00, 0x00, 0x00, 0x00, 0x00, 0x00, 0x00, 0x00, 0x00, 0x00, 0x00, 0x00,
  0x00, 0x00, 0x00, 0x00, 0x00, 0x00, 0x00, 0x00, 0x00, 0x00, 0x00, 0x00, 0x00, 0x00, 0x00, 0x00, 0x00, 0x00, 0x00, 0x00,
  0x00, 0x00, 0x00, 0x00, 0x00, 0x00, 0x00, 0x00, 0x00, 0x00, 0x00, 0x00, 0x00, 0x00, 0x00, 0x00, 0x00, 0x00, 0x00, 0x00,
  0x00, 0x00, 0x00, 0x00, 0x00, 0x00, 0x00, 0x00, 0x00, 0x00, 0x00, 0x00, 0x00, 0x00, 0x00, 0x00, 0x00, 0x00, 0x00, 0x00,
  0x20, 0x00, 0x00, 0x00, 0x15, 0xf2, 0xd3, 0x38, 0x73, 0x5b, 0x8a, 0x39, 0xe5, 0xa9, 0x59, 0x39, 0x92, 0x54, 0x15, 0x39,
  0x72, 0x77, 0x83, 0x39, 0xf6, 0xf2, 0xa7, 0x39, 0x1a, 0xfb, 0x58, 0x39, 0x88, 0x8a, 0x9e, 0x39, 0x2b, 0x0c, 0x99, 0x39,
  0x92, 0x7b, 0x89, 0x39, 0x55, 0xf8, 0x9a, 0x39, 0x9c, 0xd8, 0x92, 0x39, 0xdc, 0xfd, 0x7b, 0x39, 0x3c, 0x5a, 0x88, 0x39,
  0xe4, 0x59, 0x27, 0x39, 0xbf, 0xcb, 0x87, 0x39, 0x3c, 0xc1, 0x32, 0x39, 0x46, 0x5a, 0x1e, 0x39, 0x77, 0xcf, 0x15, 0x39,
  0x03, 0xbd, 0x9b, 0x39, 0x9a, 0x65, 0x33, 0x39, 0x4c, 0x23, 0x6e, 0x39, 0x1d, 0xa4, 0x41, 0x39, 0x27, 0xed, 0x05, 0x39,
  0x03, 0x3f, 0x48, 0x39, 0x89, 0xba, 0xf3, 0x38, 0x37, 0xfc, 0xf9, 0x38, 0x42, 0x74, 0x35, 0x39, 0xe4, 0xf4, 0x5d, 0x39,
  0xc7, 0x38, 0x64, 0x39, 0x27, 0xbd, 0x64, 0x39, 0xd8, 0x90, 0x1b, 0x39, 0x12, 0x00, 0x00, 0x00, 0x74, 0x66, 0x6c, 0x2e,
  0x70, 0x73, 0x65, 0x75, 0x64, 0x6f, 0x5f, 0x71, 0x63, 0x6f, 0x6e, 0x73, 0x74, 0x38, 0x00, 0x00, 0x01, 0x00, 0x00, 0x00,
  0x20, 0x00, 0x00, 0x00, 0x62, 0xf4, 0xff, 0xff, 0x00, 0x00, 0x00, 0x01, 0x14, 0x00, 0x00, 0x00, 0x88, 0x00, 0x00, 0x00,
  0x0c, 0x00, 0x00, 0x00, 0x00, 0x00, 0x00, 0x09, 0x94, 0x00, 0x00, 0x00, 0x44, 0xf5, 0xff, 0xff, 0x08, 0x00, 0x00, 0x00,
  0x4c, 0x00, 0x00, 0x00, 0x08, 0x00, 0x00, 0x00, 0x00, 0x00, 0x00, 0x00, 0x00, 0x00, 0x00, 0x00, 0x00, 0x00, 0x00, 0x00,
  0x00, 0x00, 0x00, 0x00, 0x00, 0x00, 0x00, 0x00, 0x00, 0x00, 0x00, 0x00, 0x00, 0x00, 0x00, 0x00, 0x00, 0x00, 0x00, 0x00,
  0x00, 0x00, 0x00, 0x00, 0x00, 0x00, 0x00, 0x00, 0x00, 0x00, 0x00, 0x00, 0x00, 0x00, 0x00, 0x00, 0x00, 0x00, 0x00, 0x00,
  0x00, 0x00, 0x00, 0x00, 0x00, 0x00, 0x00, 0x00, 0x00, 0x00, 0x00, 0x00, 0x00, 0x00, 0x00, 0x00, 0x08, 0x00, 0x00, 0x00,
  0x6a, 0x8b, 0xb6, 0x3b, 0x76, 0x8b, 0x8a, 0x3b, 0x90, 0x3b, 0xd2, 0x3b, 0xe5, 0xe2, 0xb9, 0x3b, 0xea, 0x16, 0x64, 0x3b,
  0x27, 0x6a, 0x97, 0x3b, 0xcf, 0x6d, 0x6a, 0x3b, 0x04, 0x3e, 0xa8, 0x3b, 0x12, 0x00, 0x00, 0x00, 0x74, 0x66, 0x6c, 0x2e,
  0x70, 0x73, 0x65, 0x75, 0x64, 0x6f, 0x5f, 0x71, 0x63, 0x6f, 0x6e, 0x73, 0x74, 0x37, 0x00, 0x00, 0x04, 0x00, 0x00, 0x00,
  0x08, 0x00, 0x00, 0x00, 0x01, 0x00, 0x00, 0x00, 0x01, 0x00, 0x00, 0x00, 0x20, 0x00, 0x00, 0x00, 0x22, 0xf5, 0xff, 0xff,
  0x00, 0x00, 0x00, 0x01, 0x14, 0x00, 0x00, 0x00, 0x84, 0x00, 0x00, 0x00, 0x0b, 0x00, 0x00, 0x00, 0x00, 0x00, 0x00, 0x02,
  0x90, 0x00, 0x00, 0x00, 0x04, 0xf6, 0xff, 0xff, 0x08, 0x00, 0x00, 0x00, 0x48, 0x00, 0x00, 0x00, 0x08, 0x00, 0x00, 0x00,
  0x00, 0x00, 0x00, 0x00, 0x00, 0x00, 0x00, 0x00, 0x00, 0x00, 0x00, 0x00, 0x00, 0x00, 0x00, 0x00, 0x00, 0x00, 0x00, 0x00,
  0x00, 0x00, 0x00, 0x00, 0x00, 0x00, 0x00, 0x00, 0x00, 0x00, 0x00, 0x00, 0x00, 0x00, 0x00, 0x00, 0x00, 0x00, 0x00, 0x00,
  0x00, 0x00, 0x00, 0x00, 0x00, 0x00, 0x00, 0x00, 0x00, 0x00, 0x00, 0x00, 0x00, 0x00, 0x00, 0x00, 0x00, 0x00, 0x00, 0x00,
  0x00, 0x00, 0x00, 0x00, 0x08, 0x00, 0x00, 0x00, 0x55, 0x03, 0x4e, 0x38, 0x41, 0x5b, 0x1c, 0x38, 0xc0, 0x42, 0x6d, 0x38,
  0xcb, 0xc8, 0x51, 0x38, 0xe7, 0xb4, 0x00, 0x38, 0x85, 0xe1, 0x2a, 0x38, 0xac, 0x48, 0x04, 0x38, 0x36, 0xdf, 0x3d, 0x38,
  0x12, 0x00, 0x00, 0x00, 0x74, 0x66, 0x6c, 0x2e, 0x70, 0x73, 0x65, 0x75, 0x64, 0x6f, 0x5f, 0x71, 0x63, 0x6f, 0x6e, 0x73,
  0x74, 0x36, 0x00, 0x00, 0x01, 0x00, 0x00, 0x00, 0x08, 0x00, 0x00, 0x00, 0xd2, 0xf5, 0xff, 0xff, 0x00, 0x00, 0x00, 0x01,
  0x14, 0x00, 0x00, 0x00, 0xa8, 0x01, 0x00, 0x00, 0x0a, 0x00, 0x00, 0x00, 0x00, 0x00, 0x00, 0x09, 0xb4, 0x01, 0x00, 0x00,
  0xb4, 0xf6, 0xff, 0xff, 0x08, 0x00, 0x00, 0x00, 0x0c, 0x01, 0x00, 0x00, 0x20, 0x00, 0x00, 0x00, 0x00, 0x00, 0x00, 0x00,
  0x00, 0x00, 0x00, 0x00, 0x00, 0x00, 0x00, 0x00, 0x00, 0x00, 0x00, 0x00, 0x00, 0x00, 0x00, 0x00, 0x00, 0x00, 0x00, 0x00,
  0x00, 0x00, 0x00, 0x00, 0x00, 0x00, 0x00, 0x00, 0x00, 0x00, 0x00, 0x00, 0x00, 0x00, 0x00, 0x00, 0x00, 0x00, 0x00, 0x00,
  0x00, 0x00, 0x00, 0x00, 0x00, 0x00, 0x00, 0x00, 0x00, 0x00, 0x00, 0x00, 0x00, 0x00, 0x00, 0x00, 0x00, 0x00, 0x00, 0x00,
  0x00, 0x00, 0x00, 0x00, 0x00, 0x00, 0x00, 0x00, 0x00, 0x00, 0x00, 0x00, 0x00, 0x00, 0x00, 0x00, 0x00, 0x00, 0x00, 0x00,
  0x00, 0x00, 0x00, 0x00, 0x00, 0x00, 0x00, 0x00, 0x00, 0x00, 0x00, 0x00, 0x00, 0x00, 0x00, 0x00, 0x00, 0x00, 0x00, 0x00,
  0x00, 0x00, 0x00, 0x00, 0x00, 0x00, 0x00, 0x00, 0x00, 0x00, 0x00, 0x00, 0x00, 0x00, 0x00, 0x00, 0x00, 0x00, 0x00, 0x00,
  0x00, 0x00, 0x00, 0x00, 0x00, 0x00, 0x00, 0x00, 0x00, 0x00, 0x00, 0x00, 0x00, 0x00, 0x00, 0x00, 0x00, 0x00, 0x00, 0x00,
  0x00, 0x00, 0x00, 0x00, 0x00, 0x00, 0x00, 0x00, 0x00, 0x00, 0x00, 0x00, 0x00, 0x00, 0x00, 0x00, 0x00, 0x00, 0x00, 0x00,
  0x00, 0x00, 0x00, 0x00, 0x00, 0x00, 0x00, 0x00, 0x00, 0x00, 0x00, 0x00, 0x00, 0x00, 0x00, 0x00, 0x00, 0x00, 0x00, 0x00,
  0x00, 0x00, 0x00, 0x00, 0x00, 0x00, 0x00, 0x00, 0x00, 0x00, 0x00, 0x00, 0x00, 0x00, 0x00, 0x00, 0x00, 0x00, 0x00, 0x00,
  0x00, 0x00, 0x00, 0x00, 0x00, 0x00, 0x00, 0x00, 0x00, 0x00, 0x00, 0x00, 0x00, 0x00, 0x00, 0x00, 0x00, 0x00, 0x00, 0x00,
  0x00, 0x00, 0x00, 0x00, 0x00, 0x00, 0x00, 0x00, 0x00, 0x00, 0x00, 0x00, 0x00, 0x00, 0x00, 0x00, 0x00, 0x00, 0x00, 0x00,
  0x00, 0x00, 0x00, 0x00, 0x00, 0x00, 0x00, 0x00, 0x00, 0x00, 0x00, 0x00, 0x00, 0x00, 0x00, 0x00, 0x20, 0x00, 0x00, 0x00,
  0xaf, 0x88, 0xe5, 0x3b, 0x87, 0x51, 0xa7, 0x3b, 0x58, 0x82, 0x82, 0x3b, 0xaf, 0x34, 0x02, 0x3b, 0xce, 0x64, 0x70, 0x3b,
  0x68, 0x35, 0xc8, 0x3b, 0xed, 0x64, 0xee, 0x3b, 0xb7, 0x63, 0xf7, 0x3b, 0x0a, 0x3b, 0xa0, 0x3b, 0x6a, 0x10, 0x8f, 0x3b,
  0xd6, 0x35, 0x93, 0x3b, 0x2c, 0xcb, 0x63, 0x3b, 0xec, 0x1f, 0x1e, 0x3b, 0x9e, 0x39, 0x3c, 0x3b, 0x2f, 0xca, 0x58, 0x3b,
  0x7f, 0xc6, 0x83, 0x3b, 0x43, 0xa6, 0xd1, 0x3b, 0x82, 0x56, 0x4e, 0x3b, 0x5e, 0x65, 0x0f, 0x3b, 0x8a, 0xc2, 0x54, 0x3b,
  0xe2, 0xec, 0x63, 0x3b, 0x93, 0x1a, 0x61, 0x3b, 0x92, 0xa0, 0xa7, 0x3b, 0x4a, 0x77, 0x1a, 0x3b, 0x09, 0x90, 0x29, 0x3b,
  0x4b, 0x05, 0x3b, 0x3b, 0xd6, 0x77, 0x28, 0x3b, 0x3c, 0xb2, 0x12, 0x3b, 0xee, 0xa6, 0xbe, 0x3b, 0x66, 0xf6, 0x67, 0x3b,
  0x38, 0x9f, 0x4f, 0x3b, 0x64, 0x64, 0x9e, 0x3b, 0x12, 0x00, 0x00, 0x00, 0x74, 0x66, 0x6c, 0x2e, 0x70, 0x73, 0x65, 0x75,
  0x64, 0x6f, 0x5f, 0x71, 0x63, 0x6f, 0x6e, 0x73, 0x74, 0x35, 0x00, 0x00, 0x04, 0x00, 0x00, 0x00, 0x20, 0x00, 0x00, 0x00,
  0x01, 0x00, 0x00, 0x00, 0x01, 0x00, 0x00, 0x00, 0x08, 0x00, 0x00, 0x00, 0xb2, 0xf7, 0xff, 0xff, 0x00, 0x00, 0x00, 0x01,
  0x14, 0x00, 0x00, 0x00, 0xa4, 0x01, 0x00, 0x00, 0x09, 0x00, 0x00, 0x00, 0x00, 0x00, 0x00, 0x02, 0xb0, 0x01, 0x00, 0x00,
  0x94, 0xf8, 0xff, 0xff, 0x08, 0x00, 0x00, 0x00, 0x08, 0x01, 0x00, 0x00, 0x20, 0x00, 0x00, 0x00, 0x00, 0x00, 0x00, 0x00,
  0x00, 0x00, 0x00, 0x00, 0x00, 0x00, 0x00, 0x00, 0x00, 0x00, 0x00, 0x00, 0x00, 0x00, 0x00, 0x00, 0x00, 0x00, 0x00, 0x00,
  0x00, 0x00, 0x00, 0x00, 0x00, 0x00, 0x00, 0x00, 0x00, 0x00, 0x00, 0x00, 0x00, 0x00, 0x00, 0x00, 0x00, 0x00, 0x00, 0x00,
  0x00, 0x00, 0x00, 0x00, 0x00, 0x00, 0x00, 0x00, 0x00, 0x00, 0x00, 0x00, 0x00, 0x00, 0x00, 0x00, 0x00, 0x00, 0x00, 0x00,
  0x00, 0x00, 0x00, 0x00, 0x00, 0x00, 0x00, 0x00, 0x00, 0x00, 0x00, 0x00, 0x00, 0x00, 0x00, 0x00, 0x00, 0x00, 0x00, 0x00,
  0x00, 0x00, 0x00, 0x00, 0x00, 0x00, 0x00, 0x00, 0x00, 0x00, 0x00, 0x00, 0x00, 0x00, 0x00, 0x00, 0x00, 0x00, 0x00, 0x00,
  0x00, 0x00, 0x00, 0x00, 0x00, 0x00, 0x00, 0x00, 0x00, 0x00, 0x00, 0x00, 0x00, 0x00, 0x00, 0x00, 0x00, 0x00, 0x00, 0x00,
  0x00, 0x00, 0x00, 0x00, 0x00, 0x00, 0x00, 0x00, 0x00, 0x00, 0x00, 0x00, 0x00, 0x00, 0x00, 0x00, 0x00, 0x00, 0x00, 0x00,
  0x00, 0x00, 0x00, 0x00, 0x00, 0x00, 0x00, 0x00, 0x00, 0x00, 0x00, 0x00, 0x00, 0x00, 0x00, 0x00, 0x00, 0x00, 0x00, 0x00,
  0x00, 0x00, 0x00, 0x00, 0x00, 0x00, 0x00, 0x00, 0x00, 0x00, 0x00, 0x00, 0x00, 0x00, 0x00, 0x00, 0x00, 0x00, 0x00, 0x00,
  0x00, 0x00, 0x00, 0x00, 0x00, 0x00, 0x00, 0x00, 0x00, 0x00, 0x00, 0x00, 0x00, 0x00, 0x00, 0x00, 0x00, 0x00, 0x00, 0x00,
  0x00, 0x00, 0x00, 0x00, 0x00, 0x00, 0x00, 0x00, 0x00, 0x00, 0x00, 0x00, 0x00, 0x00, 0x00, 0x00, 0x00, 0x00, 0x00, 0x00,
  0x00, 0x00, 0x00, 0x00, 0x00, 0x00, 0x00, 0x00, 0x00, 0x00, 0x00, 0x00, 0x00, 0x00, 0x00, 0x00, 0x00, 0x00, 0x00, 0x00,
  0x00, 0x00, 0x00, 0x00, 0x00, 0x00, 0x00, 0x00, 0x00, 0x00, 0x00, 0x00, 0x20, 0x00, 0x00, 0x00, 0x6e, 0xa8, 0xb5, 0x38,
  0x58, 0x6b, 0x84, 0x38, 0x48, 0x93, 0x4e, 0x38, 0x5c, 0x18, 0xce, 0x37, 0xad, 0x40, 0x3e, 0x38, 0x03, 0x73, 0x9e, 0x38,
  0x90, 0xab, 0xbc, 0x38, 0x0a, 0xca, 0xc3, 0x38, 0xa5, 0x9e, 0x7d, 0x38, 0xa6, 0x72, 0x62, 0x38, 0xb6, 0x02, 0x69, 0x38,
  0xd7, 0x47, 0x34, 0x38, 0x4e, 0x49, 0xfa, 0x37, 0x1a, 0xf7, 0x14, 0x38, 0x6b, 0x92, 0x2b, 0x38, 0x5d, 0x94, 0x50, 0x38,
  0xc3, 0xeb, 0xa5, 0x38, 0xd5, 0x4c, 0x23, 0x38, 0x1d, 0xf9, 0xe2, 0x37, 0xf4, 0x61, 0x28, 0x38, 0x85, 0x62, 0x34, 0x38,
  0xdf, 0x26, 0x32, 0x38, 0xe7, 0xa9, 0x84, 0x38, 0xc4, 0x7e, 0xf4, 0x37, 0x06, 0x32, 0x06, 0x38, 0x16, 0x03, 0x14, 0x38,
  0x44, 0x54, 0x05, 0x38, 0x68, 0x32, 0xe8, 0x37, 0xd2, 0xe2, 0x96, 0x38, 0x77, 0x94, 0x37, 0x38, 0xfb, 0x50, 0x24, 0x38,
  0xae, 0xb5, 0x7a, 0x38, 0x12, 0x00, 0x00, 0x00, 0x74, 0x66, 0x6c, 0x2e, 0x70, 0x73, 0x65, 0x75, 0x64, 0x6f, 0x5f, 0x71,
  0x63, 0x6f, 0x6e, 0x73, 0x74, 0x34, 0x00, 0x00, 0x01, 0x00, 0x00, 0x00, 0x20, 0x00, 0x00, 0x00, 0x82, 0xf9, 0xff, 0xff,
  0x00, 0x00, 0x00, 0x01, 0x14, 0x00, 0x00, 0x00, 0x68, 0x02, 0x00, 0x00, 0x08, 0x00, 0x00, 0x00, 0x00, 0x00, 0x00, 0x09,
  0x74, 0x02, 0x00, 0x00, 0x64, 0xfa, 0xff, 0xff, 0x08, 0x00, 0x00, 0x00, 0x8c, 0x01, 0x00, 0x00, 0x30, 0x00, 0x00, 0x00,
  0x00, 0x00, 0x00, 0x00, 0x00, 0x00, 0x00, 0x00, 0x00, 0x00, 0x00, 0x00, 0x00, 0x00, 0x00, 0x00, 0x00, 0x00, 0x00, 0x00,
  0x00, 0x00, 0x00, 0x00, 0x00, 0x00, 0x00, 0x00, 0x00, 0x00, 0x00, 0x00, 0x00, 0x00, 0x00, 0x00, 0x00, 0x00, 0x00, 0x00,
  0x00, 0x00, 0x00, 0x00, 0x00, 0x00, 0x00, 0x00, 0x00, 0x00, 0x00, 0x00, 0x00, 0x00, 0x00, 0x00, 0x00, 0x00, 0x00, 0x00,
  0x00, 0x00, 0x00, 0x00, 0x00, 0x00, 0x00, 0x00, 0x00, 0x00, 0x00, 0x00, 0x00, 0x00, 0x00, 0x00, 0x00, 0x00, 0x00, 0x00,
  0x00, 0x00, 0x00, 0x00, 0x00, 0x00, 0x00, 0x00, 0x00, 0x00, 0x00, 0x00, 0x00, 0x00, 0x00, 0x00, 0x00, 0x00, 0x00, 0x00,
  0x00, 0x00, 0x00, 0x00, 0x00, 0x00, 0x00, 0x00, 0x00, 0x00, 0x00, 0x00, 0x00, 0x00, 0x00, 0x00, 0x00, 0x00, 0x00, 0x00,
  0x00, 0x00, 0x00, 0x00, 0x00, 0x00, 0x00, 0x00, 0x00, 0x00, 0x00, 0x00, 0x00, 0x00, 0x00, 0x00, 0x00, 0x00, 0x00, 0x00,
  0x00, 0x00, 0x00, 0x00, 0x00, 0x00, 0x00, 0x00, 0x00, 0x00, 0x00, 0x00, 0x00, 0x00, 0x00, 0x00, 0x00, 0x00, 0x00, 0x00,
  0x00, 0x00, 0x00, 0x00, 0x00, 0x00, 0x00, 0x00, 0x00, 0x00, 0x00, 0x00, 0x00, 0x00, 0x00, 0x00, 0x00, 0x00, 0x00, 0x00,
  0x00, 0x00, 0x00, 0x00, 0x00, 0x00, 0x00, 0x00, 0x00, 0x00, 0x00, 0x00, 0x00, 0x00, 0x00, 0x00, 0x00, 0x00, 0x00, 0x00,
  0x00, 0x00, 0x00, 0x00, 0x00, 0x00, 0x00, 0x00, 0x00, 0x00, 0x00, 0x00, 0x00, 0x00, 0x00, 0x00, 0x00, 0x00, 0x00, 0x00,
  0x00, 0x00, 0x00, 0x00, 0x00, 0x00, 0x00, 0x00, 0x00, 0x00, 0x00, 0x00, 0x00, 0x00, 0x00, 0x00, 0x00, 0x00, 0x00, 0x00,
  0x00, 0x00, 0x00, 0x00, 0x00, 0x00, 0x00, 0x00, 0x00, 0x00, 0x00, 0x00, 0x00, 0x00, 0x00, 0x00, 0x00, 0x00, 0x00, 0x00,
  0x00, 0x00, 0x00, 0x00, 0x00, 0x00, 0x00, 0x00, 0x00, 0x00, 0x00, 0x00, 0x00, 0x00, 0x00, 0x00, 0x00, 0x00, 0x00, 0x00,
  0x00, 0x00, 0x00, 0x00, 0x00, 0x00, 0x00, 0x00, 0x00, 0x00, 0x00, 0x00, 0x00, 0x00, 0x00, 0x00, 0x00, 0x00, 0x00, 0x00,
  0x00, 0x00, 0x00, 0x00, 0x00, 0x00, 0x00, 0x00, 0x00, 0x00, 0x00, 0x00, 0x00, 0x00, 0x00, 0x00, 0x00, 0x00, 0x00, 0x00,
  0x00, 0x00, 0x00, 0x00, 0x00, 0x00, 0x00, 0x00, 0x00, 0x00, 0x00, 0x00, 0x00, 0x00, 0x00, 0x00, 0x00, 0x00, 0x00, 0x00,
  0x00, 0x00, 0x00, 0x00, 0x00, 0x00, 0x00, 0x00, 0x00, 0x00, 0x00, 0x00, 0x00, 0x00, 0x00, 0x00, 0x00, 0x00, 0x00, 0x00,
  0x00, 0x00, 0x00, 0x00, 0x00, 0x00, 0x00, 0x00, 0x00, 0x00, 0x00, 0x00, 0x00, 0x00, 0x00, 0x00, 0x00, 0x00, 0x00, 0x00,
  0x00, 0x00, 0x00, 0x00, 0x00, 0x00, 0x00, 0x00, 0x30, 0x00, 0x00, 0x00, 0xd8, 0xa9, 0x94, 0x3b, 0x69, 0x5a, 0xd3, 0x3b,
  0xf9, 0x4d, 0x15, 0x3c, 0xc9, 0x7c, 0x8b, 0x3c, 0x61, 0x06, 0x1a, 0x3c, 0x91, 0xb0, 0x27, 0x3c, 0xe0, 0x09, 0x09, 0x3c,
  0x35, 0x6a, 0x2a, 0x3c, 0x1f, 0x54, 0x02, 0x3c, 0x62, 0x40, 0x3c, 0x3c, 0xa6, 0xf1, 0x12, 0x3c, 0x7e, 0x6d, 0xe9, 0x3b,
  0xdf, 0xbd, 0xf9, 0x3b, 0xf8, 0x48, 0xea, 0x3b, 0x07, 0x3d, 0xe1, 0x3b, 0x31, 0xdd, 0xb8, 0x3b, 0x80, 0xd7, 0x83, 0x3c,
  0x09, 0x74, 0x28, 0x3c, 0x43, 0x40, 0x37, 0x3c, 0xca, 0x91, 0x05, 0x3c, 0xd2, 0x2d, 0xb5, 0x3b, 0x7d, 0xdf, 0xc5, 0x3b,
  0x71, 0x27, 0xe9, 0x3b, 0x29, 0x99, 0x30, 0x3c, 0x71, 0xee, 0xdf, 0x3b, 0xe9, 0xec, 0x0c, 0x3c, 0x45, 0xfb, 0x34, 0x3c,
  0x7c, 0xb7, 0x17, 0x3c, 0x01, 0xf5, 0x75, 0x3c, 0x4d, 0x57, 0xea, 0x3b, 0x1e, 0x97, 0xd4, 0x3b, 0x95, 0xc0, 0x08, 0x3c,
  0xc5, 0x38, 0x27, 0x3c, 0x36, 0x36, 0x28, 0x3c, 0x6d, 0x91, 0x10, 0x3c, 0xc4, 0x1c, 0x18, 0x3c, 0x06, 0x44, 0xd1, 0x3b,
  0x80, 0x72, 0x2c, 0x3c, 0xa9, 0x53, 0x08, 0x3c, 0xfa, 0x5f, 0x24, 0x3c, 0xd0, 0x71, 0x1c, 0x3c, 0xba, 0xbe, 0xec, 0x3b,
  0xc8, 0x79, 0x15, 0x3c, 0x92, 0xec, 0x2b, 0x3c, 0xc9, 0x1c, 0x36, 0x3c, 0x54, 0x79, 0x05, 0x3c, 0xda, 0xbb, 0x06, 0x3c,
  0xf0, 0xdb, 0x00, 0x3c, 0x12, 0x00, 0x00, 0x00, 0x74, 0x66, 0x6c, 0x2e, 0x70, 0x73, 0x65, 0x75, 0x64, 0x6f, 0x5f, 0x71,
  0x63, 0x6f, 0x6e, 0x73, 0x74, 0x33, 0x00, 0x00, 0x04, 0x00, 0x00, 0x00, 0x30, 0x00, 0x00, 0x00, 0x01, 0x00, 0x00, 0x00,
  0x01, 0x00, 0x00, 0x00, 0x20, 0x00, 0x00, 0x00, 0x22, 0xfc, 0xff, 0xff, 0x00, 0x00, 0x00, 0x01, 0x14, 0x00, 0x00, 0x00,
  0x64, 0x02, 0x00, 0x00, 0x07, 0x00, 0x00, 0x00, 0x00, 0x00, 0x00, 0x02, 0x70, 0x02, 0x00, 0x00, 0x04, 0xfd, 0xff, 0xff,
  0x08, 0x00, 0x00, 0x00, 0x88, 0x01, 0x00, 0x00, 0x30, 0x00, 0x00, 0x00, 0x00, 0x00, 0x00, 0x00, 0x00, 0x00, 0x00, 0x00,
  0x00, 0x00, 0x00, 0x00, 0x00, 0x00, 0x00, 0x00, 0x00, 0x00, 0x00, 0x00, 0x00, 0x00, 0x00, 0x00, 0x00, 0x00, 0x00, 0x00,
  0x00, 0x00, 0x00, 0x00, 0x00, 0x00, 0x00, 0x00, 0x00, 0x00, 0x00, 0x00, 0x00, 0x00, 0x00, 0x00, 0x00, 0x00, 0x00, 0x00,
  0x00, 0x00, 0x00, 0x00, 0x00, 0x00, 0x00, 0x00, 0x00, 0x00, 0x00, 0x00, 0x00, 0x00, 0x00, 0x00, 0x00, 0x00, 0x00, 0x00,
  0x00, 0x00, 0x00, 0x00, 0x00, 0x00, 0x00, 0x00, 0x00, 0x00, 0x00, 0x00, 0x00, 0x00, 0x00, 0x00, 0x00, 0x00, 0x00, 0x00,
  0x00, 0x00, 0x00, 0x00, 0x00, 0x00, 0x00, 0x00, 0x00, 0x00, 0x00, 0x00, 0x00, 0x00, 0x00, 0x00, 0x00, 0x00, 0x00, 0x00,
  0x00, 0x00, 0x00, 0x00, 0x00, 0x00, 0x00, 0x00, 0x00, 0x00, 0x00, 0x00, 0x00, 0x00, 0x00, 0x00, 0x00, 0x00, 0x00, 0x00,
  0x00, 0x00, 0x00, 0x00, 0x00, 0x00, 0x00, 0x00, 0x00, 0x00, 0x00, 0x00, 0x00, 0x00, 0x00, 0x00, 0x00, 0x00, 0x00, 0x00,
  0x00, 0x00, 0x00, 0x00, 0x00, 0x00, 0x00, 0x00, 0x00, 0x00, 0x00, 0x00, 0x00, 0x00, 0x00, 0x00, 0x00, 0x00, 0x00, 0x00,
  0x00, 0x00, 0x00, 0x00, 0x00, 0x00, 0x00, 0x00, 0x00, 0x00, 0x00, 0x00, 0x00, 0x00, 0x00, 0x00, 0x00, 0x00, 0x00, 0x00,
  0x00, 0x00, 0x00, 0x00, 0x00, 0x00, 0x00, 0x00, 0x00, 0x00, 0x00, 0x00, 0x00, 0x00, 0x00, 0x00, 0x00, 0x00, 0x00, 0x00,
  0x00, 0x00, 0x00, 0x00, 0x00, 0x00, 0x00, 0x00, 0x00, 0x00, 0x00, 0x00, 0x00, 0x00, 0x00, 0x00, 0x00, 0x00, 0x00, 0x00,
  0x00, 0x00, 0x00, 0x00, 0x00, 0x00, 0x00, 0x00, 0x00, 0x00, 0x00, 0x00, 0x00, 0x00, 0x00, 0x00, 0x00, 0x00, 0x00, 0x00,
  0x00, 0x00, 0x00, 0x00, 0x00, 0x00, 0x00, 0x00, 0x00, 0x00, 0x00, 0x00, 0x00, 0x00, 0x00, 0x00, 0x00, 0x00, 0x00, 0x00,
  0x00, 0x00, 0x00, 0x00, 0x00, 0x00, 0x00, 0x00, 0x00, 0x00, 0x00, 0x00, 0x00, 0x00, 0x00, 0x00, 0x00, 0x00, 0x00, 0x00,
  0x00, 0x00, 0x00, 0x00, 0x00, 0x00, 0x00, 0x00, 0x00, 0x00, 0x00, 0x00, 0x00, 0x00, 0x00, 0x00, 0x00, 0x00, 0x00, 0x00,
  0x00, 0x00, 0x00, 0x00, 0x00, 0x00, 0x00, 0x00, 0x00, 0x00, 0x00, 0x00, 0x00, 0x00, 0x00, 0x00, 0x00, 0x00, 0x00, 0x00,
  0x00, 0x00, 0x00, 0x00, 0x00, 0x00, 0x00, 0x00, 0x00, 0x00, 0x00, 0x00, 0x00, 0x00, 0x00, 0x00, 0x00, 0x00, 0x00, 0x00,
  0x00, 0x00, 0x00, 0x00, 0x00, 0x00, 0x00, 0x00, 0x00, 0x00, 0x00, 0x00, 0x00, 0x00, 0x00, 0x00, 0x00, 0x00, 0x00, 0x00,
  0x00, 0x00, 0x00, 0x00, 0x00, 0x00, 0x00, 0x00, 0x00, 0x00, 0x00, 0x00, 0x00, 0x00, 0x00, 0x00, 0x30, 0x00, 0x00, 0x00,
  0xcc, 0x01, 0xa7, 0x38, 0x97, 0x6e, 0xed, 0x38, 0x2d, 0xba, 0x27, 0x39, 0xe3, 0xb2, 0x9c, 0x39, 0xb0, 0x07, 0x2d, 0x39,
  0x84, 0x61, 0x3c, 0x39, 0x9f, 0xf2, 0x19, 0x39, 0x3d, 0x71, 0x3f, 0x39, 0xea, 0x68, 0x12, 0x39, 0xd5, 0x7a, 0x53, 0x39,
  0x49, 0x13, 0x25, 0x39, 0x7b, 0x1d, 0x03, 0x39, 0x55, 0x47, 0x0c, 0x39, 0xc2, 0x98, 0x03, 0x39, 0xd0, 0x07, 0xfd, 0x38,
  0xa4, 0xac, 0xcf, 0x38, 0x18, 0x1c, 0x94, 0x39, 0x1a, 0x3d, 0x3d, 0x39, 0xc2, 0xdc, 0x4d, 0x39, 0xf5, 0x0c, 0x16, 0x39,
  0xde, 0x88, 0xcb, 0x38, 0xdc, 0x49, 0xde, 0x38, 0x22, 0xf6, 0x02, 0x39, 0x83, 0x63, 0x46, 0x39, 0xf1, 0x8f, 0xfb, 0x38,
  0x6f, 0x50, 0x1e, 0x39, 0x14, 0x50, 0x4b, 0x39, 0xe2, 0x6f, 0x2a, 0x39, 0x1f, 0x27, 0x8a, 0x39, 0xcf, 0xa0, 0x03, 0x39,
  0x60, 0xd2, 0xee, 0x38, 0x49, 0xa0, 0x19, 0x39, 0xf0, 0xda, 0x3b, 0x39, 0xa6, 0xf7, 0x3c, 0x39, 0x03, 0x68, 0x22, 0x39,
  0xa9, 0xe1, 0x2a, 0x39, 0x44, 0x16, 0xeb, 0x38, 0xbb, 0xb9, 0x41, 0x39, 0xec, 0x25, 0x19, 0x39, 0x38, 0xa8, 0x38, 0x39,
  0x8d, 0xbf, 0x2f, 0x39, 0x7e, 0xfa, 0x04, 0x39, 0x64, 0xeb, 0x27, 0x39, 0x46, 0x23, 0x41, 0x39, 0x51, 0x95, 0x4c, 0x39,
  0x7a, 0xf1, 0x15, 0x39, 0xcc, 0x5b, 0x17, 0x39, 0x50, 0xc2, 0x10, 0x39, 0x12, 0x00, 0x00, 0x00, 0x74, 0x66, 0x6c, 0x2e,
  0x70, 0x73, 0x65, 0x75, 0x64, 0x6f, 0x5f, 0x71, 0x63, 0x6f, 0x6e, 0x73, 0x74, 0x32, 0x00, 0x00, 0x01, 0x00, 0x00, 0x00,
  0x30, 0x00, 0x00, 0x00, 0xb2, 0xfe, 0xff, 0xff, 0x00, 0x00, 0x00, 0x01, 0x14, 0x00, 0x00, 0x00, 0x34, 0x00, 0x00, 0x00,
  0x06, 0x00, 0x00, 0x00, 0x00, 0x00, 0x00, 0x09, 0x40, 0x00, 0x00, 0x00, 0x94, 0xff, 0xff, 0xff, 0x08, 0x00, 0x00, 0x00,
  0x14, 0x00, 0x00, 0x00, 0x01, 0x00, 0x00, 0x00, 0x00, 0x00, 0x00, 0x00, 0x00, 0x00, 0x00, 0x00, 0x00, 0x00, 0x00, 0x00,
  0x01, 0x00, 0x00, 0x00, 0x24, 0x64, 0x84, 0x3a, 0x12, 0x00, 0x00, 0x00, 0x74, 0x66, 0x6c, 0x2e, 0x70, 0x73, 0x65, 0x75,
  0x64, 0x6f, 0x5f, 0x71, 0x63, 0x6f, 0x6e, 0x73, 0x74, 0x31, 0x00, 0x00, 0x04, 0x00, 0x00, 0x00, 0x01, 0x00, 0x00, 0x00,
  0x01, 0x00, 0x00, 0x00, 0x07, 0x00, 0x00, 0x00, 0x30, 0x00, 0x00, 0x00, 0x1e, 0xff, 0xff, 0xff, 0x00, 0x00, 0x00, 0x01,
  0x20, 0x00, 0x00, 0x00, 0x3c, 0x00, 0x00, 0x00, 0x05, 0x00, 0x00, 0x00, 0x00, 0x00, 0x00, 0x02, 0x48, 0x00, 0x00, 0x00,
  0x0c, 0x00, 0x0c, 0x00, 0x00, 0x00, 0x00, 0x00, 0x08, 0x00, 0x04, 0x00, 0x0c, 0x00, 0x00, 0x00, 0x08, 0x00, 0x00, 0x00,
  0x10, 0x00, 0x00, 0x00, 0x01, 0x00, 0x00, 0x00, 0x00, 0x00, 0x00, 0x00, 0x00, 0x00, 0x00, 0x00, 0x01, 0x00, 0x00, 0x00,
  0x94, 0x5d, 0xc7, 0x37, 0x11, 0x00, 0x00, 0x00, 0x74, 0x66, 0x6c, 0x2e, 0x70, 0x73, 0x65, 0x75, 0x64, 0x6f, 0x5f, 0x71,
  0x63, 0x6f, 0x6e, 0x73, 0x74, 0x00, 0x00, 0x00, 0x01, 0x00, 0x00, 0x00, 0x01, 0x00, 0x00, 0x00, 0x86, 0xff, 0xff, 0xff,
  0x00, 0x00, 0x00, 0x01, 0x14, 0x00, 0x00, 0x00, 0x14, 0x00, 0x00, 0x00, 0x04, 0x00, 0x00, 0x00, 0x00, 0x00, 0x00, 0x02,
  0x1c, 0x00, 0x00, 0x00, 0x20, 0xff, 0xff, 0xff, 0x0f, 0x00, 0x00, 0x00, 0x61, 0x72, 0x69, 0x74, 0x68, 0x2e, 0x63, 0x6f,
  0x6e, 0x73, 0x74, 0x61, 0x6e, 0x74, 0x32, 0x00, 0x01, 0x00, 0x00, 0x00, 0x02, 0x00, 0x00, 0x00, 0xc2, 0xff, 0xff, 0xff,
  0x00, 0x00, 0x00, 0x01, 0x14, 0x00, 0x00, 0x00, 0x14, 0x00, 0x00, 0x00, 0x03, 0x00, 0x00, 0x00, 0x00, 0x00, 0x00, 0x02,
  0x1c, 0x00, 0x00, 0x00, 0x5c, 0xff, 0xff, 0xff, 0x0f, 0x00, 0x00, 0x00, 0x61, 0x72, 0x69, 0x74, 0x68, 0x2e, 0x63, 0x6f,
  0x6e, 0x73, 0x74, 0x61, 0x6e, 0x74, 0x31, 0x00, 0x01, 0x00, 0x00, 0x00, 0x02, 0x00, 0x00, 0x00, 0x00, 0x00, 0x16, 0x00,
  0x1c, 0x00, 0x18, 0x00, 0x17, 0x00, 0x10, 0x00, 0x0c, 0x00, 0x08, 0x00, 0x00, 0x00, 0x00, 0x00, 0x00, 0x00, 0x07, 0x00,
  0x16, 0x00, 0x00, 0x00, 0x00, 0x00, 0x00, 0x01, 0x14, 0x00, 0x00, 0x00, 0x14, 0x00, 0x00, 0x00, 0x02, 0x00, 0x00, 0x00,
  0x00, 0x00, 0x00, 0x02, 0x1c, 0x00, 0x00, 0x00, 0xb0, 0xff, 0xff, 0xff, 0x0e, 0x00, 0x00, 0x00, 0x61, 0x72, 0x69, 0x74,
  0x68, 0x2e, 0x63, 0x6f, 0x6e, 0x73, 0x74, 0x61, 0x6e, 0x74, 0x00, 0x00, 0x01, 0x00, 0x00, 0x00, 0x04, 0x00, 0x00, 0x00,
  0x00, 0x00, 0x16, 0x00, 0x18, 0x00, 0x14, 0x00, 0x00, 0x00, 0x10, 0x00, 0x0c, 0x00, 0x08, 0x00, 0x00, 0x00, 0x00, 0x00,
  0x00, 0x00, 0x07, 0x00, 0x16, 0x00, 0x00, 0x00, 0x00, 0x00, 0x00, 0x01, 0x14, 0x00, 0x00, 0x00, 0x14, 0x00, 0x00, 0x00,
  0x01, 0x00, 0x00, 0x00, 0x18, 0x00, 0x00, 0x00, 0x04, 0x00, 0x04, 0x00, 0x04, 0x00, 0x00, 0x00, 0x06, 0x00, 0x00, 0x00,
  0x61, 0x72, 0x67, 0x73, 0x5f, 0x30, 0x00, 0x00, 0x03, 0x00, 0x00, 0x00, 0x01, 0x00, 0x00, 0x00, 0xfa, 0x00, 0x00, 0x00,
  0x01, 0x00, 0x00, 0x00, 0x07, 0x00, 0x00, 0x00, 0x90, 0x00, 0x00, 0x00, 0x74, 0x00, 0x00, 0x00, 0x60, 0x00, 0x00, 0x00,
  0x40, 0x00, 0x00, 0x00, 0x2c, 0x00, 0x00, 0x00, 0x18, 0x00, 0x00, 0x00, 0x04, 0x00, 0x00, 0x00, 0xc0, 0xff, 0xff, 0xff,
  0x06, 0x00, 0x00, 0x00, 0x02, 0x00, 0x00, 0x00, 0x00, 0x00, 0x00, 0x06, 0xd0, 0xff, 0xff, 0xff, 0x12, 0x00, 0x00, 0x00,
  0x02, 0x00, 0x00, 0x00, 0x00, 0x00, 0x00, 0x12, 0xe0, 0xff, 0xff, 0xff, 0x28, 0x00, 0x00, 0x00, 0x02, 0x00, 0x00, 0x00,
  0x00, 0x00, 0x00, 0x28, 0xf0, 0xff, 0xff, 0xff, 0x03, 0x00, 0x00, 0x00, 0x03, 0x00, 0x00, 0x00, 0x00, 0x00, 0x00, 0x03,
  0x0c, 0x00, 0x10, 0x00, 0x0f, 0x00, 0x00, 0x00, 0x08, 0x00, 0x04, 0x00, 0x0c, 0x00, 0x00, 0x00, 0x04, 0x00, 0x00, 0x00,
  0x03, 0x00, 0x00, 0x00, 0x00, 0x00, 0x00, 0x04, 0xf4, 0xff, 0xff, 0xff, 0x16, 0x00, 0x00, 0x00, 0x00, 0x00, 0x00, 0x16,
  0x0c, 0x00, 0x0c, 0x00, 0x0b, 0x00, 0x00, 0x00, 0x00, 0x00, 0x04, 0x00, 0x0c, 0x00, 0x00, 0x00, 0x72, 0x00, 0x00, 0x00,
  0x00, 0x00, 0x00, 0x72,
};
const unsigned int ecg_denoise_flatbuffer_len = 25144;
#endif // __ECG_DENOISE_FLATBUFFER_H
